Epoch,Combined Avg Latency,cpu_usr (core #1),cpu_sys (core #1),cpu_idl (core #1),AvgCpuUser,AvgCpuSys,AvgCpuIdle,AvgCpuWai,AvgCpuHiq,AvgCpuSiq,osAsynchronousIO,osNumberOfContextSwitches,osNumberOfSectorReads,osNumberOfSectorWrites,osAllocatedFileHandlers,osAllocatedINodes,osCountOfInterruptsServicedSinceBootTime,osNumberOfInterrupt,osInterruptCount1,osInterruptCount2,osInterruptCount3,osInterruptCount4,osInterruptCount5,osInterruptCount6,osInterruptCount7,osNumberOfReadsIssued,osNumberOfWritesCompleted,osNumberOfSwapInSinceLastBoot,osNumberOfSwapOutSinceLastBoot,osNumberOfProcessesCreated,osNumberOfProcessesCurrentlyRunning,osDiskUtilization,osFreeSwapSpace,osUsedSwapSpace,osNumberOfAllocatedPage,osNumberOfFreePages,osNumberOfMajorPageFaults,osNumberOfMinorPageFaults,osNetworkSendKB,osNetworkRecvKB,dbmsMeasuredCPU,dbmsMeasuredChildrenCPU,dbmsBytesWritten,dbmsBytesRead,dbmsBuffersCheckpoint,dbmsBuffersClean,dbmsBuffersBackend,dbmsTotalProcess,dbmsIdleProcess,dbmsIdleInXactProcess,dbmsActiveProcess,dbmsWaitingLwlockProcess,dbmsWaitingLockProcess,dbmsWaitingBufferpinProcess,dbmsWaitingActivityProcess,dbmsWaitingExtensionProcess,dbmsWaitingClientProcess,dbmsWaitingIpcProcess,dbmsWaitingTimeoutProcess,dbmsWaitingIoProcess,dbmsOthersProcess,dbmsXactCommits,dbmsXactRollbacks,dbmsBlocksReads,dbmsBlocksHits,dbmsTupleReturned,dbmsTupleFetched,dbmsTupleInserts,dbmsTupleUpdates,dbmsTupleDeletes,dbmsXactConflicts,dbmsXactDeadlocks,dbmsTempFiles,dbmsTempBytes,dbmsBlockReadTime,dbmsBlockWriteTime,dbmsCheckpointsTimed,dbmsCheckpointsReq,dbmsCheckpointWriteTime,dbmsCheckpointSyncTime,dbmsMaxwrittenClean,dbmsBuffersBackendFsync,dbmsBuffersAlloc,dbmsArchivedCount,dbmsFailedCount,dbmsSeqScan,dbmsSeqRead,dbmsIdxScan,dbmsIdxFetch,dbmsHotUpdates,dbmsLive,dbmsDead,dbmsHeapRead,dbmsHeapHit,dbmsIdxRead,dbmsIdxHit,dbmsToastRead,dbmsToastHit,dbmsTidxRead,dbmsTidxHit
1.000000000000000000e+00,0.000000000000000000e+00,4.600000000000000000e+01,5.000000000000000000e+00,0.000000000000000000e+00,4.600000000000000000e+01,5.000000000000000000e+00,0.000000000000000000e+00,4.900000000000000000e+01,0.000000000000000000e+00,0.000000000000000000e+00,2.661000000000000000e+03,4.213000000000000000e+03,1.674609375000000000e+01,2.343750000000000000e-02,1.280000000000000000e+03,1.456500000000000000e+04,1.327000000000000000e+03,7.000000000000000000e+00,0.000000000000000000e+00,0.000000000000000000e+00,0.000000000000000000e+00,0.000000000000000000e+00,8.390000000000000000e+02,4.000000000000000000e+00,0.000000000000000000e+00,8.680000000000000000e+02,3.000000000000000000e+00,0.000000000000000000e+00,0.000000000000000000e+00,5.000000000000000000e+00,3.000000000000000000e+00,5.639999999999999858e+01,0.000000000000000000e+00,0.000000000000000000e+00,1.121700000000000000e+04,1.047200000000000000e+04,9.200000000000000000e+01,7.179000000000000000e+03,5.244140625000000000e+00,2.183593750000000000e+00,0.000000000000000000e+00,0.000000000000000000e+00,0.000000000000000000e+00,0.000000000000000000e+00,0.000000000000000000e+00,0.000000000000000000e+00,0.000000000000000000e+00,1.000000000000000000e+00,0.000000000000000000e+00,0.000000000000000000e+00,1.000000000000000000e+00,0.000000000000000000e+00,0.000000000000000000e+00,0.000000000000000000e+00,5.000000000000000000e+00,0.000000000000000000e+00,0.000000000000000000e+00,0.000000000000000000e+00,0.000000000000000000e+00,0.000000000000000000e+00,0.000000000000000000e+00,0.000000000000000000e+00,0.000000000000000000e+00,0.000000000000000000e+00,0.000000000000000000e+00,0.000000000000000000e+00,0.000000000000000000e+00,0.000000000000000000e+00,0.000000000000000000e+00,0.000000000000000000e+00,0.000000000000000000e+00,0.000000000000000000e+00,0.000000000000000000e+00,0.000000000000000000e+00,0.000000000000000000e+00,0.000000000000000000e+00,0.000000000000000000e+00,0.000000000000000000e+00,0.000000000000000000e+00,0.000000000000000000e+00,0.000000000000000000e+00,0.000000000000000000e+00,0.000000000000000000e+00,0.000000000000000000e+00,0.000000000000000000e+00,0.000000000000000000e+00,0.000000000000000000e+00,0.000000000000000000e+00,0.000000000000000000e+00,0.000000000000000000e+00,0.000000000000000000e+00,0.000000000000000000e+00,0.000000000000000000e+00,0.000000000000000000e+00,0.000000000000000000e+00,0.000000000000000000e+00,0.000000000000000000e+00,0.000000000000000000e+00,0.000000000000000000e+00,0.000000000000000000e+00
2.000000000000000000e+00,3.729967500000000991e-01,8.431399999999999295e+01,4.902000000000000135e+00,0.000000000000000000e+00,8.431399999999999295e+01,4.902000000000000135e+00,0.000000000000000000e+00,1.078400000000000070e+01,0.000000000000000000e+00,0.000000000000000000e+00,2.661000000000000000e+03,3.358000000000000000e+03,3.515625000000000000e+00,2.343750000000000000e-02,1.280000000000000000e+03,1.460800000000000000e+04,8.800000000000000000e+02,7.000000000000000000e+00,0.000000000000000000e+00,0.000000000000000000e+00,0.000000000000000000e+00,0.000000000000000000e+00,3.310000000000000000e+02,2.000000000000000000e+00,0.000000000000000000e+00,3.640000000000000000e+02,3.000000000000000000e+00,0.000000000000000000e+00,0.000000000000000000e+00,1.000000000000000000e+00,1.000000000000000000e+00,1.880000000000000071e+01,0.000000000000000000e+00,0.000000000000000000e+00,6.426000000000000000e+03,4.933000000000000000e+03,2.000000000000000000e+00,5.523000000000000000e+03,6.687500000000000000e+00,1.230468750000000000e-01,0.000000000000000000e+00,0.000000000000000000e+00,0.000000000000000000e+00,0.000000000000000000e+00,0.000000000000000000e+00,0.000000000000000000e+00,0.000000000000000000e+00,1.000000000000000000e+00,0.000000000000000000e+00,0.000000000000000000e+00,1.000000000000000000e+00,0.000000000000000000e+00,0.000000000000000000e+00,0.000000000000000000e+00,5.000000000000000000e+00,0.000000000000000000e+00,0.000000000000000000e+00,0.000000000000000000e+00,0.000000000000000000e+00,0.000000000000000000e+00,0.000000000000000000e+00,0.000000000000000000e+00,0.000000000000000000e+00,0.000000000000000000e+00,0.000000000000000000e+00,0.000000000000000000e+00,0.000000000000000000e+00,0.000000000000000000e+00,0.000000000000000000e+00,0.000000000000000000e+00,0.000000000000000000e+00,0.000000000000000000e+00,0.000000000000000000e+00,0.000000000000000000e+00,0.000000000000000000e+00,0.000000000000000000e+00,0.000000000000000000e+00,0.000000000000000000e+00,0.000000000000000000e+00,0.000000000000000000e+00,0.000000000000000000e+00,0.000000000000000000e+00,0.000000000000000000e+00,0.000000000000000000e+00,0.000000000000000000e+00,0.000000000000000000e+00,0.000000000000000000e+00,0.000000000000000000e+00,0.000000000000000000e+00,0.000000000000000000e+00,0.000000000000000000e+00,0.000000000000000000e+00,0.000000000000000000e+00,0.000000000000000000e+00,0.000000000000000000e+00,0.000000000000000000e+00,0.000000000000000000e+00,0.000000000000000000e+00,0.000000000000000000e+00,0.000000000000000000e+00
3.000000000000000000e+00,2.201939750000000695e-01,6.363600000000000279e+01,8.080999999999999517e+00,1.717200000000000060e+01,6.363600000000000279e+01,8.080999999999999517e+00,1.717200000000000060e+01,1.010100000000000087e+01,0.000000000000000000e+00,1.010000000000000009e+00,2.661000000000000000e+03,4.965000000000000000e+03,4.539062500000000000e+00,4.156250000000000000e+00,1.536000000000000000e+03,1.462300000000000000e+04,1.028000000000000000e+03,7.000000000000000000e+00,0.000000000000000000e+00,0.000000000000000000e+00,0.000000000000000000e+00,0.000000000000000000e+00,3.760000000000000000e+02,1.200000000000000000e+01,0.000000000000000000e+00,3.230000000000000000e+02,6.400000000000000000e+01,0.000000000000000000e+00,0.000000000000000000e+00,2.000000000000000000e+01,0.000000000000000000e+00,2.560000000000000142e+01,0.000000000000000000e+00,0.000000000000000000e+00,1.465800000000000000e+04,1.848800000000000000e+04,1.500000000000000000e+01,1.798000000000000000e+04,9.121093750000000000e-01,1.238281250000000000e+00,0.000000000000000000e+00,0.000000000000000000e+00,0.000000000000000000e+00,0.000000000000000000e+00,0.000000000000000000e+00,0.000000000000000000e+00,0.000000000000000000e+00,1.100000000000000000e+01,1.000000000000000000e+01,0.000000000000000000e+00,1.000000000000000000e+00,0.000000000000000000e+00,0.000000000000000000e+00,0.000000000000000000e+00,5.000000000000000000e+00,0.000000000000000000e+00,1.000000000000000000e+01,0.000000000000000000e+00,0.000000000000000000e+00,0.000000000000000000e+00,0.000000000000000000e+00,6.700000000000000000e+01,0.000000000000000000e+00,4.768000000000000000e+03,1.865700000000000000e+04,1.416200000000000000e+04,8.092000000000000000e+03,1.800000000000000000e+02,3.080000000000000000e+02,1.000000000000000000e+01,0.000000000000000000e+00,0.000000000000000000e+00,0.000000000000000000e+00,0.000000000000000000e+00,0.000000000000000000e+00,0.000000000000000000e+00,0.000000000000000000e+00,0.000000000000000000e+00,0.000000000000000000e+00,0.000000000000000000e+00,0.000000000000000000e+00,0.000000000000000000e+00,6.540000000000000000e+02,0.000000000000000000e+00,0.000000000000000000e+00,6.200000000000000000e+01,5.941000000000000000e+03,8.950000000000000000e+02,1.083000000000000000e+03,3.500000000000000000e+01,1.700000000000000000e+02,3.050000000000000000e+02,1.864000000000000000e+03,3.277000000000000000e+03,2.816000000000000000e+03,3.744000000000000000e+03,0.000000000000000000e+00,0.000000000000000000e+00,0.000000000000000000e+00,0.000000000000000000e+00
4.000000000000000000e+00,1.469602564102563680e-01,2.673300000000000054e+01,6.931000000000000050e+00,4.554500000000000171e+01,2.673300000000000054e+01,6.931000000000000050e+00,4.554500000000000171e+01,1.980199999999999960e+01,0.000000000000000000e+00,9.899999999999999911e-01,2.661000000000000000e+03,4.445000000000000000e+03,4.457031250000000000e+00,5.085937500000000000e+00,1.536000000000000000e+03,1.455400000000000000e+04,1.099000000000000000e+03,7.000000000000000000e+00,0.000000000000000000e+00,0.000000000000000000e+00,0.000000000000000000e+00,0.000000000000000000e+00,4.250000000000000000e+02,1.000000000000000000e+00,0.000000000000000000e+00,3.600000000000000000e+02,9.100000000000000000e+01,0.000000000000000000e+00,0.000000000000000000e+00,0.000000000000000000e+00,0.000000000000000000e+00,2.400000000000000000e+01,0.000000000000000000e+00,0.000000000000000000e+00,3.083000000000000000e+03,1.050800000000000000e+04,2.100000000000000000e+01,3.937000000000000000e+03,6.445312500000000000e-02,9.960937500000000000e-02,0.000000000000000000e+00,0.000000000000000000e+00,0.000000000000000000e+00,0.000000000000000000e+00,0.000000000000000000e+00,0.000000000000000000e+00,0.000000000000000000e+00,1.100000000000000000e+01,1.000000000000000000e+01,0.000000000000000000e+00,1.000000000000000000e+00,0.000000000000000000e+00,0.000000000000000000e+00,0.000000000000000000e+00,5.000000000000000000e+00,0.000000000000000000e+00,1.000000000000000000e+01,0.000000000000000000e+00,0.000000000000000000e+00,0.000000000000000000e+00,0.000000000000000000e+00,3.200000000000000000e+01,0.000000000000000000e+00,3.824000000000000000e+03,7.739000000000000000e+03,9.251000000000000000e+03,2.032000000000000000e+03,2.040000000000000000e+02,2.150000000000000000e+02,0.000000000000000000e+00,0.000000000000000000e+00,0.000000000000000000e+00,0.000000000000000000e+00,0.000000000000000000e+00,0.000000000000000000e+00,0.000000000000000000e+00,0.000000000000000000e+00,0.000000000000000000e+00,0.000000000000000000e+00,0.000000000000000000e+00,0.000000000000000000e+00,0.000000000000000000e+00,7.850000000000000000e+02,0.000000000000000000e+00,0.000000000000000000e+00,7.600000000000000000e+01,7.205000000000000000e+03,9.210000000000000000e+02,9.650000000000000000e+02,5.000000000000000000e+01,2.040000000000000000e+02,1.970000000000000000e+02,1.920000000000000000e+03,2.840000000000000000e+03,1.904000000000000000e+03,3.486000000000000000e+03,0.000000000000000000e+00,0.000000000000000000e+00,0.000000000000000000e+00,0.000000000000000000e+00
5.000000000000000000e+00,1.298609268292682806e-01,2.959199999999999875e+01,3.060999999999999943e+00,5.000000000000000000e+01,2.959199999999999875e+01,3.060999999999999943e+00,5.000000000000000000e+01,1.734700000000000131e+01,0.000000000000000000e+00,0.000000000000000000e+00,2.661000000000000000e+03,3.867000000000000000e+03,1.921875000000000000e+00,4.953125000000000000e+00,1.536000000000000000e+03,1.455400000000000000e+04,9.720000000000000000e+02,7.000000000000000000e+00,0.000000000000000000e+00,0.000000000000000000e+00,0.000000000000000000e+00,0.000000000000000000e+00,3.190000000000000000e+02,0.000000000000000000e+00,0.000000000000000000e+00,2.370000000000000000e+02,2.700000000000000000e+02,0.000000000000000000e+00,0.000000000000000000e+00,0.000000000000000000e+00,1.000000000000000000e+00,2.200000000000000000e+01,0.000000000000000000e+00,0.000000000000000000e+00,4.603000000000000000e+03,1.517000000000000000e+03,0.000000000000000000e+00,5.952000000000000000e+03,0.000000000000000000e+00,0.000000000000000000e+00,0.000000000000000000e+00,0.000000000000000000e+00,0.000000000000000000e+00,0.000000000000000000e+00,0.000000000000000000e+00,2.320000000000000000e+02,0.000000000000000000e+00,1.100000000000000000e+01,9.000000000000000000e+00,1.000000000000000000e+00,1.000000000000000000e+00,0.000000000000000000e+00,0.000000000000000000e+00,0.000000000000000000e+00,5.000000000000000000e+00,0.000000000000000000e+00,9.000000000000000000e+00,0.000000000000000000e+00,0.000000000000000000e+00,0.000000000000000000e+00,0.000000000000000000e+00,3.800000000000000000e+01,3.000000000000000000e+00,8.024000000000000000e+03,1.051200000000000000e+04,1.130500000000000000e+04,2.747000000000000000e+03,2.040000000000000000e+02,4.620000000000000000e+02,2.000000000000000000e+01,0.000000000000000000e+00,0.000000000000000000e+00,0.000000000000000000e+00,0.000000000000000000e+00,0.000000000000000000e+00,0.000000000000000000e+00,0.000000000000000000e+00,0.000000000000000000e+00,0.000000000000000000e+00,0.000000000000000000e+00,2.000000000000000000e+00,0.000000000000000000e+00,8.150000000000000000e+02,0.000000000000000000e+00,0.000000000000000000e+00,8.900000000000000000e+01,8.393000000000000000e+03,1.524000000000000000e+03,2.317000000000000000e+03,1.320000000000000000e+02,1.780000000000000000e+02,4.370000000000000000e+02,4.056000000000000000e+03,4.278000000000000000e+03,3.952000000000000000e+03,5.636000000000000000e+03,0.000000000000000000e+00,0.000000000000000000e+00,0.000000000000000000e+00,0.000000000000000000e+00
6.000000000000000000e+00,1.314539000000000124e-01,4.100000000000000000e+01,5.000000000000000000e+00,4.400000000000000000e+01,4.100000000000000000e+01,5.000000000000000000e+00,4.400000000000000000e+01,9.000000000000000000e+00,0.000000000000000000e+00,1.000000000000000000e+00,2.661000000000000000e+03,4.256000000000000000e+03,2.195312500000000000e+00,8.101562500000000000e+00,1.536000000000000000e+03,1.455400000000000000e+04,1.015000000000000000e+03,7.000000000000000000e+00,0.000000000000000000e+00,0.000000000000000000e+00,0.000000000000000000e+00,0.000000000000000000e+00,3.560000000000000000e+02,0.000000000000000000e+00,0.000000000000000000e+00,2.710000000000000000e+02,4.640000000000000000e+02,0.000000000000000000e+00,0.000000000000000000e+00,0.000000000000000000e+00,0.000000000000000000e+00,2.200000000000000000e+01,0.000000000000000000e+00,0.000000000000000000e+00,6.736000000000000000e+03,2.233000000000000000e+03,0.000000000000000000e+00,7.464000000000000000e+03,0.000000000000000000e+00,0.000000000000000000e+00,0.000000000000000000e+00,0.000000000000000000e+00,0.000000000000000000e+00,0.000000000000000000e+00,0.000000000000000000e+00,4.000000000000000000e+02,0.000000000000000000e+00,1.100000000000000000e+01,1.000000000000000000e+01,0.000000000000000000e+00,1.000000000000000000e+00,0.000000000000000000e+00,0.000000000000000000e+00,0.000000000000000000e+00,5.000000000000000000e+00,0.000000000000000000e+00,1.000000000000000000e+01,0.000000000000000000e+00,0.000000000000000000e+00,0.000000000000000000e+00,0.000000000000000000e+00,3.900000000000000000e+01,0.000000000000000000e+00,6.032000000000000000e+03,1.122300000000000000e+04,1.030500000000000000e+04,2.305000000000000000e+03,2.440000000000000000e+02,4.850000000000000000e+02,2.000000000000000000e+01,0.000000000000000000e+00,0.000000000000000000e+00,0.000000000000000000e+00,0.000000000000000000e+00,0.000000000000000000e+00,0.000000000000000000e+00,0.000000000000000000e+00,0.000000000000000000e+00,0.000000000000000000e+00,0.000000000000000000e+00,4.000000000000000000e+00,0.000000000000000000e+00,7.320000000000000000e+02,0.000000000000000000e+00,0.000000000000000000e+00,8.100000000000000000e+01,7.794000000000000000e+03,1.439000000000000000e+03,2.003000000000000000e+03,6.600000000000000000e+01,2.240000000000000000e+02,4.380000000000000000e+02,2.808000000000000000e+03,4.875000000000000000e+03,3.224000000000000000e+03,5.916000000000000000e+03,0.000000000000000000e+00,0.000000000000000000e+00,0.000000000000000000e+00,0.000000000000000000e+00
7.000000000000000000e+00,1.015649000000000274e-01,2.872299999999999898e+01,3.190999999999999837e+00,4.680899999999999750e+01,2.872299999999999898e+01,3.190999999999999837e+00,4.680899999999999750e+01,2.127700000000000102e+01,0.000000000000000000e+00,0.000000000000000000e+00,2.661000000000000000e+03,4.523000000000000000e+03,4.148437500000000000e+00,4.992187500000000000e+00,1.536000000000000000e+03,1.455400000000000000e+04,1.156000000000000000e+03,7.000000000000000000e+00,0.000000000000000000e+00,0.000000000000000000e+00,0.000000000000000000e+00,0.000000000000000000e+00,4.930000000000000000e+02,0.000000000000000000e+00,0.000000000000000000e+00,4.290000000000000000e+02,8.100000000000000000e+01,0.000000000000000000e+00,0.000000000000000000e+00,0.000000000000000000e+00,1.000000000000000000e+00,2.719999999999999929e+01,0.000000000000000000e+00,0.000000000000000000e+00,2.857000000000000000e+03,7.900000000000000000e+01,0.000000000000000000e+00,4.531000000000000000e+03,0.000000000000000000e+00,0.000000000000000000e+00,0.000000000000000000e+00,0.000000000000000000e+00,0.000000000000000000e+00,0.000000000000000000e+00,0.000000000000000000e+00,7.000000000000000000e+00,0.000000000000000000e+00,1.100000000000000000e+01,1.000000000000000000e+01,0.000000000000000000e+00,1.000000000000000000e+00,0.000000000000000000e+00,0.000000000000000000e+00,0.000000000000000000e+00,5.000000000000000000e+00,0.000000000000000000e+00,1.000000000000000000e+01,0.000000000000000000e+00,0.000000000000000000e+00,0.000000000000000000e+00,0.000000000000000000e+00,4.000000000000000000e+01,0.000000000000000000e+00,1.046400000000000000e+04,1.235300000000000000e+04,1.107400000000000000e+04,2.874000000000000000e+03,2.390000000000000000e+02,6.160000000000000000e+02,3.000000000000000000e+01,0.000000000000000000e+00,0.000000000000000000e+00,0.000000000000000000e+00,0.000000000000000000e+00,0.000000000000000000e+00,0.000000000000000000e+00,0.000000000000000000e+00,0.000000000000000000e+00,0.000000000000000000e+00,0.000000000000000000e+00,0.000000000000000000e+00,0.000000000000000000e+00,1.328000000000000000e+03,0.000000000000000000e+00,0.000000000000000000e+00,8.600000000000000000e+01,7.933000000000000000e+03,1.693000000000000000e+03,2.633000000000000000e+03,1.420000000000000000e+02,2.090000000000000000e+02,5.980000000000000000e+02,5.824000000000000000e+03,5.242000000000000000e+03,4.600000000000000000e+03,6.685000000000000000e+03,0.000000000000000000e+00,0.000000000000000000e+00,0.000000000000000000e+00,0.000000000000000000e+00
8.000000000000000000e+00,9.444817948717948441e-02,1.960800000000000054e+01,3.922000000000000153e+00,5.980400000000000205e+01,1.960800000000000054e+01,3.922000000000000153e+00,5.980400000000000205e+01,1.568599999999999994e+01,0.000000000000000000e+00,9.799999999999999822e-01,2.661000000000000000e+03,4.017000000000000000e+03,3.496093750000000000e+00,3.296875000000000000e+00,1.504000000000000000e+03,1.452400000000000000e+04,1.050000000000000000e+03,7.000000000000000000e+00,0.000000000000000000e+00,0.000000000000000000e+00,0.000000000000000000e+00,0.000000000000000000e+00,3.850000000000000000e+02,3.000000000000000000e+00,0.000000000000000000e+00,3.180000000000000000e+02,7.900000000000000000e+01,0.000000000000000000e+00,0.000000000000000000e+00,0.000000000000000000e+00,0.000000000000000000e+00,1.519999999999999929e+01,0.000000000000000000e+00,0.000000000000000000e+00,2.093000000000000000e+03,4.370000000000000000e+02,1.500000000000000000e+01,2.998000000000000000e+03,1.289062500000000000e-01,2.519531250000000000e-01,0.000000000000000000e+00,0.000000000000000000e+00,0.000000000000000000e+00,0.000000000000000000e+00,0.000000000000000000e+00,0.000000000000000000e+00,0.000000000000000000e+00,1.100000000000000000e+01,1.000000000000000000e+01,0.000000000000000000e+00,1.000000000000000000e+00,0.000000000000000000e+00,0.000000000000000000e+00,0.000000000000000000e+00,5.000000000000000000e+00,0.000000000000000000e+00,1.000000000000000000e+01,0.000000000000000000e+00,0.000000000000000000e+00,0.000000000000000000e+00,0.000000000000000000e+00,4.500000000000000000e+01,0.000000000000000000e+00,8.984000000000000000e+03,1.011600000000000000e+04,1.225400000000000000e+04,2.561000000000000000e+03,2.690000000000000000e+02,2.850000000000000000e+02,0.000000000000000000e+00,0.000000000000000000e+00,0.000000000000000000e+00,0.000000000000000000e+00,0.000000000000000000e+00,0.000000000000000000e+00,0.000000000000000000e+00,0.000000000000000000e+00,0.000000000000000000e+00,0.000000000000000000e+00,0.000000000000000000e+00,0.000000000000000000e+00,0.000000000000000000e+00,1.068000000000000000e+03,0.000000000000000000e+00,0.000000000000000000e+00,1.030000000000000000e+02,9.651000000000000000e+03,1.655000000000000000e+03,2.171000000000000000e+03,7.700000000000000000e+01,2.690000000000000000e+02,2.380000000000000000e+02,5.736000000000000000e+03,3.788000000000000000e+03,3.248000000000000000e+03,5.823000000000000000e+03,0.000000000000000000e+00,0.000000000000000000e+00,0.000000000000000000e+00,0.000000000000000000e+00
9.000000000000000000e+00,1.072047804878048516e-01,1.400000000000000000e+01,3.000000000000000000e+00,6.900000000000000000e+01,1.400000000000000000e+01,3.000000000000000000e+00,6.900000000000000000e+01,1.300000000000000000e+01,0.000000000000000000e+00,1.000000000000000000e+00,2.661000000000000000e+03,3.882000000000000000e+03,1.617187500000000000e+00,4.027343750000000000e+00,1.504000000000000000e+03,1.452400000000000000e+04,9.130000000000000000e+02,7.000000000000000000e+00,0.000000000000000000e+00,0.000000000000000000e+00,0.000000000000000000e+00,0.000000000000000000e+00,2.760000000000000000e+02,0.000000000000000000e+00,0.000000000000000000e+00,1.900000000000000000e+02,1.300000000000000000e+02,0.000000000000000000e+00,0.000000000000000000e+00,0.000000000000000000e+00,1.000000000000000000e+00,1.359999999999999964e+01,0.000000000000000000e+00,0.000000000000000000e+00,1.607000000000000000e+03,4.700000000000000000e+03,0.000000000000000000e+00,1.679000000000000000e+03,0.000000000000000000e+00,0.000000000000000000e+00,0.000000000000000000e+00,0.000000000000000000e+00,0.000000000000000000e+00,0.000000000000000000e+00,0.000000000000000000e+00,0.000000000000000000e+00,0.000000000000000000e+00,1.100000000000000000e+01,9.000000000000000000e+00,0.000000000000000000e+00,2.000000000000000000e+00,0.000000000000000000e+00,0.000000000000000000e+00,0.000000000000000000e+00,5.000000000000000000e+00,0.000000000000000000e+00,9.000000000000000000e+00,0.000000000000000000e+00,0.000000000000000000e+00,1.000000000000000000e+00,0.000000000000000000e+00,3.000000000000000000e+01,1.000000000000000000e+00,3.480000000000000000e+03,6.598000000000000000e+03,8.078000000000000000e+03,1.364000000000000000e+03,1.200000000000000000e+02,4.910000000000000000e+02,3.000000000000000000e+01,0.000000000000000000e+00,0.000000000000000000e+00,0.000000000000000000e+00,0.000000000000000000e+00,0.000000000000000000e+00,0.000000000000000000e+00,0.000000000000000000e+00,0.000000000000000000e+00,0.000000000000000000e+00,0.000000000000000000e+00,0.000000000000000000e+00,0.000000000000000000e+00,5.140000000000000000e+02,0.000000000000000000e+00,0.000000000000000000e+00,7.100000000000000000e+01,6.543000000000000000e+03,7.710000000000000000e+02,1.333000000000000000e+03,2.270000000000000000e+02,8.800000000000000000e+01,3.850000000000000000e+02,1.920000000000000000e+03,3.222000000000000000e+03,1.560000000000000000e+03,3.307000000000000000e+03,0.000000000000000000e+00,0.000000000000000000e+00,0.000000000000000000e+00,0.000000000000000000e+00
1.000000000000000000e+01,7.601344999999999630e-02,2.371099999999999852e+01,1.030999999999999917e+00,6.804099999999999682e+01,2.371099999999999852e+01,1.030999999999999917e+00,6.804099999999999682e+01,7.216000000000000192e+00,0.000000000000000000e+00,0.000000000000000000e+00,2.661000000000000000e+03,4.064000000000000000e+03,9.765625000000000000e-01,4.070312500000000000e+00,1.504000000000000000e+03,1.452400000000000000e+04,8.390000000000000000e+02,7.000000000000000000e+00,0.000000000000000000e+00,0.000000000000000000e+00,0.000000000000000000e+00,0.000000000000000000e+00,1.910000000000000000e+02,0.000000000000000000e+00,0.000000000000000000e+00,1.130000000000000000e+02,8.300000000000000000e+01,0.000000000000000000e+00,0.000000000000000000e+00,0.000000000000000000e+00,0.000000000000000000e+00,1.040000000000000036e+01,0.000000000000000000e+00,0.000000000000000000e+00,1.675000000000000000e+03,6.900000000000000000e+01,0.000000000000000000e+00,1.984000000000000000e+03,0.000000000000000000e+00,0.000000000000000000e+00,0.000000000000000000e+00,0.000000000000000000e+00,0.000000000000000000e+00,0.000000000000000000e+00,0.000000000000000000e+00,0.000000000000000000e+00,0.000000000000000000e+00,1.100000000000000000e+01,1.000000000000000000e+01,0.000000000000000000e+00,1.000000000000000000e+00,0.000000000000000000e+00,0.000000000000000000e+00,0.000000000000000000e+00,5.000000000000000000e+00,0.000000000000000000e+00,1.000000000000000000e+01,0.000000000000000000e+00,0.000000000000000000e+00,0.000000000000000000e+00,0.000000000000000000e+00,4.900000000000000000e+01,0.000000000000000000e+00,4.952000000000000000e+03,1.245900000000000000e+04,1.234000000000000000e+04,2.314000000000000000e+03,3.170000000000000000e+02,7.220000000000000000e+02,3.000000000000000000e+01,0.000000000000000000e+00,0.000000000000000000e+00,0.000000000000000000e+00,0.000000000000000000e+00,0.000000000000000000e+00,0.000000000000000000e+00,0.000000000000000000e+00,0.000000000000000000e+00,0.000000000000000000e+00,0.000000000000000000e+00,0.000000000000000000e+00,0.000000000000000000e+00,5.450000000000000000e+02,0.000000000000000000e+00,0.000000000000000000e+00,1.080000000000000000e+02,9.871000000000000000e+03,1.659000000000000000e+03,2.296000000000000000e+03,3.530000000000000000e+02,2.870000000000000000e+02,5.560000000000000000e+02,2.928000000000000000e+03,5.749000000000000000e+03,2.024000000000000000e+03,6.659000000000000000e+03,0.000000000000000000e+00,0.000000000000000000e+00,0.000000000000000000e+00,0.000000000000000000e+00
1.100000000000000000e+01,7.418922499999999753e-02,3.200000000000000000e+01,6.000000000000000000e+00,5.400000000000000000e+01,3.200000000000000000e+01,6.000000000000000000e+00,5.400000000000000000e+01,7.000000000000000000e+00,0.000000000000000000e+00,1.000000000000000000e+00,2.661000000000000000e+03,3.895000000000000000e+03,2.750000000000000000e+00,4.128906250000000000e+00,1.504000000000000000e+03,1.452400000000000000e+04,1.013000000000000000e+03,7.000000000000000000e+00,0.000000000000000000e+00,0.000000000000000000e+00,0.000000000000000000e+00,0.000000000000000000e+00,3.640000000000000000e+02,0.000000000000000000e+00,0.000000000000000000e+00,3.000000000000000000e+02,1.540000000000000000e+02,0.000000000000000000e+00,0.000000000000000000e+00,0.000000000000000000e+00,0.000000000000000000e+00,1.559999999999999964e+01,0.000000000000000000e+00,0.000000000000000000e+00,4.961000000000000000e+03,5.727000000000000000e+03,0.000000000000000000e+00,6.219000000000000000e+03,0.000000000000000000e+00,0.000000000000000000e+00,0.000000000000000000e+00,0.000000000000000000e+00,0.000000000000000000e+00,0.000000000000000000e+00,0.000000000000000000e+00,2.000000000000000000e+00,0.000000000000000000e+00,1.100000000000000000e+01,1.000000000000000000e+01,0.000000000000000000e+00,1.000000000000000000e+00,0.000000000000000000e+00,0.000000000000000000e+00,0.000000000000000000e+00,5.000000000000000000e+00,0.000000000000000000e+00,1.000000000000000000e+01,0.000000000000000000e+00,0.000000000000000000e+00,0.000000000000000000e+00,0.000000000000000000e+00,3.100000000000000000e+01,0.000000000000000000e+00,7.328000000000000000e+03,9.486000000000000000e+03,8.583000000000000000e+03,2.907000000000000000e+03,1.150000000000000000e+02,6.130000000000000000e+02,4.000000000000000000e+01,0.000000000000000000e+00,0.000000000000000000e+00,0.000000000000000000e+00,0.000000000000000000e+00,0.000000000000000000e+00,0.000000000000000000e+00,0.000000000000000000e+00,0.000000000000000000e+00,0.000000000000000000e+00,0.000000000000000000e+00,0.000000000000000000e+00,0.000000000000000000e+00,1.204000000000000000e+03,0.000000000000000000e+00,0.000000000000000000e+00,6.400000000000000000e+01,5.447000000000000000e+03,1.381000000000000000e+03,2.674000000000000000e+03,2.940000000000000000e+02,7.500000000000000000e+01,4.600000000000000000e+02,4.528000000000000000e+03,3.892000000000000000e+03,2.800000000000000000e+03,5.253000000000000000e+03,0.000000000000000000e+00,0.000000000000000000e+00,0.000000000000000000e+00,0.000000000000000000e+00
1.200000000000000000e+01,9.799884999999999846e-02,1.313100000000000023e+01,4.040000000000000036e+00,7.070699999999999363e+01,1.313100000000000023e+01,4.040000000000000036e+00,7.070699999999999363e+01,1.212100000000000044e+01,0.000000000000000000e+00,0.000000000000000000e+00,2.661000000000000000e+03,3.835000000000000000e+03,1.851562500000000000e+00,3.843750000000000000e+00,1.504000000000000000e+03,1.452400000000000000e+04,9.110000000000000000e+02,7.000000000000000000e+00,0.000000000000000000e+00,0.000000000000000000e+00,0.000000000000000000e+00,0.000000000000000000e+00,2.700000000000000000e+02,0.000000000000000000e+00,0.000000000000000000e+00,2.020000000000000000e+02,1.080000000000000000e+02,0.000000000000000000e+00,0.000000000000000000e+00,0.000000000000000000e+00,0.000000000000000000e+00,1.280000000000000071e+01,0.000000000000000000e+00,0.000000000000000000e+00,1.984000000000000000e+03,7.200000000000000000e+01,0.000000000000000000e+00,2.583000000000000000e+03,0.000000000000000000e+00,0.000000000000000000e+00,0.000000000000000000e+00,0.000000000000000000e+00,0.000000000000000000e+00,0.000000000000000000e+00,0.000000000000000000e+00,4.000000000000000000e+00,0.000000000000000000e+00,1.100000000000000000e+01,1.000000000000000000e+01,0.000000000000000000e+00,1.000000000000000000e+00,0.000000000000000000e+00,0.000000000000000000e+00,0.000000000000000000e+00,5.000000000000000000e+00,0.000000000000000000e+00,1.000000000000000000e+01,0.000000000000000000e+00,0.000000000000000000e+00,0.000000000000000000e+00,0.000000000000000000e+00,4.800000000000000000e+01,0.000000000000000000e+00,8.632000000000000000e+03,1.161400000000000000e+04,1.217800000000000000e+04,2.712000000000000000e+03,2.520000000000000000e+02,5.460000000000000000e+02,2.000000000000000000e+01,0.000000000000000000e+00,0.000000000000000000e+00,0.000000000000000000e+00,0.000000000000000000e+00,0.000000000000000000e+00,0.000000000000000000e+00,0.000000000000000000e+00,0.000000000000000000e+00,0.000000000000000000e+00,0.000000000000000000e+00,0.000000000000000000e+00,0.000000000000000000e+00,7.790000000000000000e+02,0.000000000000000000e+00,0.000000000000000000e+00,1.020000000000000000e+02,9.261000000000000000e+03,1.687000000000000000e+03,2.596000000000000000e+03,1.720000000000000000e+02,2.320000000000000000e+02,4.060000000000000000e+02,5.808000000000000000e+03,4.892000000000000000e+03,2.824000000000000000e+03,6.520000000000000000e+03,0.000000000000000000e+00,0.000000000000000000e+00,0.000000000000000000e+00,0.000000000000000000e+00
1.300000000000000000e+01,7.788397500000000806e-02,1.224499999999999922e+01,2.040999999999999925e+00,7.244899999999999807e+01,1.224499999999999922e+01,2.040999999999999925e+00,7.244899999999999807e+01,1.326500000000000057e+01,0.000000000000000000e+00,0.000000000000000000e+00,2.661000000000000000e+03,4.125000000000000000e+03,1.898437500000000000e+00,3.515625000000000000e+00,1.504000000000000000e+03,1.452400000000000000e+04,9.360000000000000000e+02,7.000000000000000000e+00,0.000000000000000000e+00,0.000000000000000000e+00,0.000000000000000000e+00,0.000000000000000000e+00,2.980000000000000000e+02,0.000000000000000000e+00,0.000000000000000000e+00,2.190000000000000000e+02,8.300000000000000000e+01,0.000000000000000000e+00,0.000000000000000000e+00,0.000000000000000000e+00,0.000000000000000000e+00,1.280000000000000071e+01,0.000000000000000000e+00,0.000000000000000000e+00,1.748000000000000000e+03,4.508000000000000000e+03,0.000000000000000000e+00,1.699000000000000000e+03,0.000000000000000000e+00,0.000000000000000000e+00,0.000000000000000000e+00,0.000000000000000000e+00,0.000000000000000000e+00,0.000000000000000000e+00,0.000000000000000000e+00,1.200000000000000000e+01,0.000000000000000000e+00,1.100000000000000000e+01,1.000000000000000000e+01,0.000000000000000000e+00,1.000000000000000000e+00,0.000000000000000000e+00,0.000000000000000000e+00,0.000000000000000000e+00,5.000000000000000000e+00,0.000000000000000000e+00,1.000000000000000000e+01,0.000000000000000000e+00,0.000000000000000000e+00,0.000000000000000000e+00,0.000000000000000000e+00,3.500000000000000000e+01,0.000000000000000000e+00,3.416000000000000000e+03,8.895000000000000000e+03,8.690000000000000000e+03,1.617000000000000000e+03,2.290000000000000000e+02,4.920000000000000000e+02,2.000000000000000000e+01,0.000000000000000000e+00,0.000000000000000000e+00,0.000000000000000000e+00,0.000000000000000000e+00,0.000000000000000000e+00,0.000000000000000000e+00,0.000000000000000000e+00,0.000000000000000000e+00,0.000000000000000000e+00,0.000000000000000000e+00,0.000000000000000000e+00,0.000000000000000000e+00,5.030000000000000000e+02,0.000000000000000000e+00,0.000000000000000000e+00,7.700000000000000000e+01,6.973000000000000000e+03,1.176000000000000000e+03,1.615000000000000000e+03,2.330000000000000000e+02,2.090000000000000000e+02,3.960000000000000000e+02,2.048000000000000000e+03,4.085000000000000000e+03,1.368000000000000000e+03,4.804000000000000000e+03,0.000000000000000000e+00,0.000000000000000000e+00,0.000000000000000000e+00,0.000000000000000000e+00
1.400000000000000000e+01,7.703120000000000800e-02,1.122400000000000020e+01,4.081999999999999851e+00,7.448999999999999488e+01,1.122400000000000020e+01,4.081999999999999851e+00,7.448999999999999488e+01,1.020400000000000063e+01,0.000000000000000000e+00,0.000000000000000000e+00,2.661000000000000000e+03,3.852000000000000000e+03,1.203125000000000000e+00,3.179687500000000000e+00,1.504000000000000000e+03,1.452400000000000000e+04,8.490000000000000000e+02,7.000000000000000000e+00,0.000000000000000000e+00,0.000000000000000000e+00,0.000000000000000000e+00,0.000000000000000000e+00,2.090000000000000000e+02,0.000000000000000000e+00,0.000000000000000000e+00,1.330000000000000000e+02,7.700000000000000000e+01,0.000000000000000000e+00,0.000000000000000000e+00,0.000000000000000000e+00,0.000000000000000000e+00,8.400000000000000355e+00,0.000000000000000000e+00,0.000000000000000000e+00,1.501000000000000000e+03,7.200000000000000000e+01,0.000000000000000000e+00,1.714000000000000000e+03,0.000000000000000000e+00,0.000000000000000000e+00,0.000000000000000000e+00,0.000000000000000000e+00,0.000000000000000000e+00,0.000000000000000000e+00,0.000000000000000000e+00,7.000000000000000000e+00,0.000000000000000000e+00,1.100000000000000000e+01,1.000000000000000000e+01,0.000000000000000000e+00,1.000000000000000000e+00,0.000000000000000000e+00,0.000000000000000000e+00,0.000000000000000000e+00,5.000000000000000000e+00,0.000000000000000000e+00,1.000000000000000000e+01,0.000000000000000000e+00,0.000000000000000000e+00,0.000000000000000000e+00,0.000000000000000000e+00,4.200000000000000000e+01,0.000000000000000000e+00,3.648000000000000000e+03,1.069400000000000000e+04,1.079900000000000000e+04,2.593000000000000000e+03,2.200000000000000000e+02,5.970000000000000000e+02,3.000000000000000000e+01,0.000000000000000000e+00,0.000000000000000000e+00,0.000000000000000000e+00,0.000000000000000000e+00,0.000000000000000000e+00,0.000000000000000000e+00,0.000000000000000000e+00,0.000000000000000000e+00,0.000000000000000000e+00,0.000000000000000000e+00,0.000000000000000000e+00,0.000000000000000000e+00,4.520000000000000000e+02,0.000000000000000000e+00,0.000000000000000000e+00,9.000000000000000000e+01,8.076000000000000000e+03,1.593000000000000000e+03,2.584000000000000000e+03,3.420000000000000000e+02,1.900000000000000000e+02,4.180000000000000000e+02,2.408000000000000000e+03,4.684000000000000000e+03,1.240000000000000000e+03,5.985000000000000000e+03,0.000000000000000000e+00,0.000000000000000000e+00,0.000000000000000000e+00,0.000000000000000000e+00
1.500000000000000000e+01,7.696654999999998081e-02,1.584200000000000053e+01,2.970000000000000195e+00,7.029699999999999704e+01,1.584200000000000053e+01,2.970000000000000195e+00,7.029699999999999704e+01,1.089100000000000001e+01,0.000000000000000000e+00,0.000000000000000000e+00,2.661000000000000000e+03,3.807000000000000000e+03,1.746093750000000000e+00,3.007812500000000000e+00,1.504000000000000000e+03,1.452400000000000000e+04,9.000000000000000000e+02,7.000000000000000000e+00,0.000000000000000000e+00,0.000000000000000000e+00,0.000000000000000000e+00,0.000000000000000000e+00,2.590000000000000000e+02,0.000000000000000000e+00,0.000000000000000000e+00,1.890000000000000000e+02,7.700000000000000000e+01,0.000000000000000000e+00,0.000000000000000000e+00,0.000000000000000000e+00,0.000000000000000000e+00,1.280000000000000071e+01,0.000000000000000000e+00,0.000000000000000000e+00,1.501000000000000000e+03,7.600000000000000000e+01,0.000000000000000000e+00,1.977000000000000000e+03,0.000000000000000000e+00,0.000000000000000000e+00,0.000000000000000000e+00,0.000000000000000000e+00,0.000000000000000000e+00,0.000000000000000000e+00,0.000000000000000000e+00,1.000000000000000000e+01,0.000000000000000000e+00,1.100000000000000000e+01,1.000000000000000000e+01,0.000000000000000000e+00,1.000000000000000000e+00,0.000000000000000000e+00,0.000000000000000000e+00,0.000000000000000000e+00,5.000000000000000000e+00,0.000000000000000000e+00,1.000000000000000000e+01,0.000000000000000000e+00,0.000000000000000000e+00,0.000000000000000000e+00,0.000000000000000000e+00,4.000000000000000000e+01,0.000000000000000000e+00,5.152000000000000000e+03,1.001400000000000000e+04,9.837000000000000000e+03,2.340000000000000000e+03,2.120000000000000000e+02,5.990000000000000000e+02,3.000000000000000000e+01,0.000000000000000000e+00,0.000000000000000000e+00,0.000000000000000000e+00,0.000000000000000000e+00,0.000000000000000000e+00,0.000000000000000000e+00,0.000000000000000000e+00,0.000000000000000000e+00,0.000000000000000000e+00,0.000000000000000000e+00,0.000000000000000000e+00,0.000000000000000000e+00,6.290000000000000000e+02,0.000000000000000000e+00,0.000000000000000000e+00,8.000000000000000000e+01,7.312000000000000000e+03,1.405000000000000000e+03,2.253000000000000000e+03,3.290000000000000000e+02,1.820000000000000000e+02,2.710000000000000000e+02,3.144000000000000000e+03,4.398000000000000000e+03,2.008000000000000000e+03,5.477000000000000000e+03,0.000000000000000000e+00,0.000000000000000000e+00,0.000000000000000000e+00,0.000000000000000000e+00
1.600000000000000000e+01,8.684735000000000371e-02,8.163000000000000256e+00,4.081999999999999851e+00,7.551000000000000512e+01,8.163000000000000256e+00,4.081999999999999851e+00,7.551000000000000512e+01,1.122400000000000020e+01,0.000000000000000000e+00,1.020000000000000018e+00,2.661000000000000000e+03,3.735000000000000000e+03,1.652343750000000000e+00,3.179687500000000000e+00,1.504000000000000000e+03,1.452500000000000000e+04,9.050000000000000000e+02,7.000000000000000000e+00,0.000000000000000000e+00,0.000000000000000000e+00,0.000000000000000000e+00,0.000000000000000000e+00,2.540000000000000000e+02,0.000000000000000000e+00,0.000000000000000000e+00,1.740000000000000000e+02,8.300000000000000000e+01,0.000000000000000000e+00,0.000000000000000000e+00,1.000000000000000000e+00,0.000000000000000000e+00,9.599999999999999645e+00,0.000000000000000000e+00,0.000000000000000000e+00,1.622000000000000000e+03,2.910000000000000000e+03,0.000000000000000000e+00,1.747000000000000000e+03,0.000000000000000000e+00,0.000000000000000000e+00,0.000000000000000000e+00,0.000000000000000000e+00,0.000000000000000000e+00,1.228800000000000000e+04,0.000000000000000000e+00,7.000000000000000000e+00,0.000000000000000000e+00,1.100000000000000000e+01,1.000000000000000000e+01,0.000000000000000000e+00,1.000000000000000000e+00,0.000000000000000000e+00,0.000000000000000000e+00,0.000000000000000000e+00,5.000000000000000000e+00,0.000000000000000000e+00,1.000000000000000000e+01,0.000000000000000000e+00,0.000000000000000000e+00,0.000000000000000000e+00,0.000000000000000000e+00,4.000000000000000000e+01,0.000000000000000000e+00,4.792000000000000000e+03,9.857000000000000000e+03,1.031100000000000000e+04,1.834000000000000000e+03,2.490000000000000000e+02,3.920000000000000000e+02,1.000000000000000000e+01,0.000000000000000000e+00,0.000000000000000000e+00,0.000000000000000000e+00,0.000000000000000000e+00,0.000000000000000000e+00,0.000000000000000000e+00,0.000000000000000000e+00,0.000000000000000000e+00,0.000000000000000000e+00,0.000000000000000000e+00,0.000000000000000000e+00,0.000000000000000000e+00,5.980000000000000000e+02,0.000000000000000000e+00,0.000000000000000000e+00,9.000000000000000000e+01,8.315000000000000000e+03,1.393000000000000000e+03,1.804000000000000000e+03,1.020000000000000000e+02,2.390000000000000000e+02,3.460000000000000000e+02,3.200000000000000000e+03,4.238000000000000000e+03,1.592000000000000000e+03,5.553000000000000000e+03,0.000000000000000000e+00,0.000000000000000000e+00,0.000000000000000000e+00,0.000000000000000000e+00
1.700000000000000000e+01,6.326884999999998760e-02,1.000000000000000000e+01,6.000000000000000000e+00,7.200000000000000000e+01,1.000000000000000000e+01,6.000000000000000000e+00,7.200000000000000000e+01,1.200000000000000000e+01,0.000000000000000000e+00,0.000000000000000000e+00,2.661000000000000000e+03,3.883000000000000000e+03,1.375000000000000000e+00,3.789062500000000000e+00,1.504000000000000000e+03,1.452500000000000000e+04,8.760000000000000000e+02,7.000000000000000000e+00,0.000000000000000000e+00,0.000000000000000000e+00,0.000000000000000000e+00,0.000000000000000000e+00,2.440000000000000000e+02,0.000000000000000000e+00,0.000000000000000000e+00,1.670000000000000000e+02,1.410000000000000000e+02,0.000000000000000000e+00,0.000000000000000000e+00,0.000000000000000000e+00,0.000000000000000000e+00,1.480000000000000071e+01,0.000000000000000000e+00,0.000000000000000000e+00,1.287000000000000000e+03,9.400000000000000000e+01,0.000000000000000000e+00,2.110000000000000000e+03,0.000000000000000000e+00,0.000000000000000000e+00,0.000000000000000000e+00,0.000000000000000000e+00,0.000000000000000000e+00,0.000000000000000000e+00,0.000000000000000000e+00,5.900000000000000000e+01,0.000000000000000000e+00,1.100000000000000000e+01,1.000000000000000000e+01,0.000000000000000000e+00,1.000000000000000000e+00,0.000000000000000000e+00,0.000000000000000000e+00,0.000000000000000000e+00,5.000000000000000000e+00,0.000000000000000000e+00,1.000000000000000000e+01,0.000000000000000000e+00,0.000000000000000000e+00,0.000000000000000000e+00,0.000000000000000000e+00,4.400000000000000000e+01,0.000000000000000000e+00,7.048000000000000000e+03,1.225100000000000000e+04,1.118600000000000000e+04,2.653000000000000000e+03,3.040000000000000000e+02,5.450000000000000000e+02,2.000000000000000000e+01,0.000000000000000000e+00,0.000000000000000000e+00,0.000000000000000000e+00,0.000000000000000000e+00,0.000000000000000000e+00,0.000000000000000000e+00,0.000000000000000000e+00,0.000000000000000000e+00,0.000000000000000000e+00,0.000000000000000000e+00,0.000000000000000000e+00,0.000000000000000000e+00,1.007000000000000000e+03,0.000000000000000000e+00,0.000000000000000000e+00,9.100000000000000000e+01,8.417000000000000000e+03,1.898000000000000000e+03,2.653000000000000000e+03,2.640000000000000000e+02,2.840000000000000000e+02,3.700000000000000000e+02,5.024000000000000000e+03,4.997000000000000000e+03,2.024000000000000000e+03,7.254000000000000000e+03,0.000000000000000000e+00,0.000000000000000000e+00,0.000000000000000000e+00,0.000000000000000000e+00
1.800000000000000000e+01,8.665817500000000395e-02,1.326500000000000057e+01,2.040999999999999925e+00,7.551000000000000512e+01,1.326500000000000057e+01,2.040999999999999925e+00,7.551000000000000512e+01,9.183999999999999275e+00,0.000000000000000000e+00,0.000000000000000000e+00,2.661000000000000000e+03,3.492000000000000000e+03,1.023437500000000000e+00,2.593750000000000000e+00,1.504000000000000000e+03,1.452500000000000000e+04,8.240000000000000000e+02,7.000000000000000000e+00,0.000000000000000000e+00,0.000000000000000000e+00,0.000000000000000000e+00,0.000000000000000000e+00,1.870000000000000000e+02,0.000000000000000000e+00,0.000000000000000000e+00,1.170000000000000000e+02,7.500000000000000000e+01,0.000000000000000000e+00,0.000000000000000000e+00,0.000000000000000000e+00,0.000000000000000000e+00,1.040000000000000036e+01,0.000000000000000000e+00,0.000000000000000000e+00,1.039000000000000000e+03,7.000000000000000000e+01,0.000000000000000000e+00,1.904000000000000000e+03,0.000000000000000000e+00,0.000000000000000000e+00,0.000000000000000000e+00,0.000000000000000000e+00,0.000000000000000000e+00,0.000000000000000000e+00,0.000000000000000000e+00,9.000000000000000000e+00,0.000000000000000000e+00,1.100000000000000000e+01,1.000000000000000000e+01,0.000000000000000000e+00,1.000000000000000000e+00,0.000000000000000000e+00,0.000000000000000000e+00,0.000000000000000000e+00,5.000000000000000000e+00,0.000000000000000000e+00,1.000000000000000000e+01,0.000000000000000000e+00,0.000000000000000000e+00,0.000000000000000000e+00,0.000000000000000000e+00,3.200000000000000000e+01,0.000000000000000000e+00,6.936000000000000000e+03,8.468000000000000000e+03,8.518000000000000000e+03,2.429000000000000000e+03,1.620000000000000000e+02,4.000000000000000000e+02,2.000000000000000000e+01,0.000000000000000000e+00,0.000000000000000000e+00,0.000000000000000000e+00,0.000000000000000000e+00,0.000000000000000000e+00,0.000000000000000000e+00,0.000000000000000000e+00,0.000000000000000000e+00,0.000000000000000000e+00,0.000000000000000000e+00,0.000000000000000000e+00,0.000000000000000000e+00,8.390000000000000000e+02,0.000000000000000000e+00,0.000000000000000000e+00,6.600000000000000000e+01,5.944000000000000000e+03,1.481000000000000000e+03,2.429000000000000000e+03,2.320000000000000000e+02,1.420000000000000000e+02,3.040000000000000000e+02,5.280000000000000000e+03,3.226000000000000000e+03,1.656000000000000000e+03,5.242000000000000000e+03,0.000000000000000000e+00,0.000000000000000000e+00,0.000000000000000000e+00,0.000000000000000000e+00
1.900000000000000000e+01,7.510872499999998730e-02,1.122400000000000020e+01,3.060999999999999943e+00,7.653100000000000591e+01,1.122400000000000020e+01,3.060999999999999943e+00,7.653100000000000591e+01,9.183999999999999275e+00,0.000000000000000000e+00,0.000000000000000000e+00,2.661000000000000000e+03,3.964000000000000000e+03,1.085937500000000000e+00,3.328125000000000000e+00,1.504000000000000000e+03,1.452500000000000000e+04,8.270000000000000000e+02,7.000000000000000000e+00,0.000000000000000000e+00,0.000000000000000000e+00,0.000000000000000000e+00,0.000000000000000000e+00,1.860000000000000000e+02,0.000000000000000000e+00,0.000000000000000000e+00,1.110000000000000000e+02,8.300000000000000000e+01,0.000000000000000000e+00,0.000000000000000000e+00,0.000000000000000000e+00,0.000000000000000000e+00,1.040000000000000036e+01,0.000000000000000000e+00,0.000000000000000000e+00,1.161000000000000000e+03,4.352000000000000000e+03,0.000000000000000000e+00,1.288000000000000000e+03,0.000000000000000000e+00,0.000000000000000000e+00,0.000000000000000000e+00,0.000000000000000000e+00,0.000000000000000000e+00,0.000000000000000000e+00,0.000000000000000000e+00,1.000000000000000000e+00,0.000000000000000000e+00,1.100000000000000000e+01,1.000000000000000000e+01,0.000000000000000000e+00,1.000000000000000000e+00,0.000000000000000000e+00,0.000000000000000000e+00,0.000000000000000000e+00,5.000000000000000000e+00,0.000000000000000000e+00,1.000000000000000000e+01,0.000000000000000000e+00,0.000000000000000000e+00,0.000000000000000000e+00,0.000000000000000000e+00,5.000000000000000000e+01,0.000000000000000000e+00,5.656000000000000000e+03,1.198200000000000000e+04,1.310000000000000000e+04,2.749000000000000000e+03,2.530000000000000000e+02,6.600000000000000000e+02,3.000000000000000000e+01,0.000000000000000000e+00,0.000000000000000000e+00,0.000000000000000000e+00,0.000000000000000000e+00,0.000000000000000000e+00,0.000000000000000000e+00,0.000000000000000000e+00,0.000000000000000000e+00,0.000000000000000000e+00,0.000000000000000000e+00,0.000000000000000000e+00,0.000000000000000000e+00,5.460000000000000000e+02,0.000000000000000000e+00,0.000000000000000000e+00,1.120000000000000000e+02,1.012800000000000000e+04,1.751000000000000000e+03,2.749000000000000000e+03,3.450000000000000000e+02,2.230000000000000000e+02,4.310000000000000000e+02,4.248000000000000000e+03,5.177000000000000000e+03,1.408000000000000000e+03,6.805000000000000000e+03,0.000000000000000000e+00,0.000000000000000000e+00,0.000000000000000000e+00,0.000000000000000000e+00
2.000000000000000000e+01,6.252562500000000134e-02,1.020400000000000063e+01,3.060999999999999943e+00,7.959199999999999875e+01,1.020400000000000063e+01,3.060999999999999943e+00,7.959199999999999875e+01,7.142999999999999794e+00,0.000000000000000000e+00,0.000000000000000000e+00,2.661000000000000000e+03,3.506000000000000000e+03,6.640625000000000000e-01,2.617187500000000000e+00,1.504000000000000000e+03,1.452500000000000000e+04,7.910000000000000000e+02,7.000000000000000000e+00,0.000000000000000000e+00,0.000000000000000000e+00,0.000000000000000000e+00,0.000000000000000000e+00,1.510000000000000000e+02,0.000000000000000000e+00,0.000000000000000000e+00,7.200000000000000000e+01,7.900000000000000000e+01,0.000000000000000000e+00,0.000000000000000000e+00,0.000000000000000000e+00,0.000000000000000000e+00,1.000000000000000000e+01,0.000000000000000000e+00,0.000000000000000000e+00,9.040000000000000000e+02,6.600000000000000000e+01,0.000000000000000000e+00,1.192000000000000000e+03,0.000000000000000000e+00,0.000000000000000000e+00,0.000000000000000000e+00,0.000000000000000000e+00,0.000000000000000000e+00,0.000000000000000000e+00,0.000000000000000000e+00,3.000000000000000000e+00,0.000000000000000000e+00,1.100000000000000000e+01,1.000000000000000000e+01,0.000000000000000000e+00,1.000000000000000000e+00,0.000000000000000000e+00,0.000000000000000000e+00,0.000000000000000000e+00,5.000000000000000000e+00,0.000000000000000000e+00,1.000000000000000000e+01,0.000000000000000000e+00,0.000000000000000000e+00,0.000000000000000000e+00,0.000000000000000000e+00,2.800000000000000000e+01,0.000000000000000000e+00,3.368000000000000000e+03,7.521000000000000000e+03,7.494000000000000000e+03,1.527000000000000000e+03,1.960000000000000000e+02,3.200000000000000000e+02,1.000000000000000000e+01,0.000000000000000000e+00,0.000000000000000000e+00,0.000000000000000000e+00,0.000000000000000000e+00,0.000000000000000000e+00,0.000000000000000000e+00,0.000000000000000000e+00,0.000000000000000000e+00,0.000000000000000000e+00,0.000000000000000000e+00,0.000000000000000000e+00,0.000000000000000000e+00,4.950000000000000000e+02,0.000000000000000000e+00,0.000000000000000000e+00,6.300000000000000000e+01,5.891000000000000000e+03,1.130000000000000000e+03,1.526000000000000000e+03,1.480000000000000000e+02,1.860000000000000000e+02,2.030000000000000000e+02,2.592000000000000000e+03,3.193000000000000000e+03,7.760000000000000000e+02,4.325000000000000000e+03,0.000000000000000000e+00,0.000000000000000000e+00,0.000000000000000000e+00,0.000000000000000000e+00
2.100000000000000000e+01,5.747487500000000166e-02,1.020400000000000063e+01,2.040999999999999925e+00,8.061199999999999477e+01,1.020400000000000063e+01,2.040999999999999925e+00,8.061199999999999477e+01,6.121999999999999886e+00,0.000000000000000000e+00,1.020000000000000018e+00,2.661000000000000000e+03,3.271000000000000000e+03,6.367187500000000000e-01,2.031250000000000000e+00,1.504000000000000000e+03,1.452500000000000000e+04,7.800000000000000000e+02,7.000000000000000000e+00,0.000000000000000000e+00,0.000000000000000000e+00,0.000000000000000000e+00,0.000000000000000000e+00,1.380000000000000000e+02,0.000000000000000000e+00,0.000000000000000000e+00,7.300000000000000000e+01,6.900000000000000000e+01,0.000000000000000000e+00,0.000000000000000000e+00,0.000000000000000000e+00,1.000000000000000000e+00,7.200000000000000178e+00,0.000000000000000000e+00,0.000000000000000000e+00,7.470000000000000000e+02,5.600000000000000000e+01,0.000000000000000000e+00,1.444000000000000000e+03,0.000000000000000000e+00,0.000000000000000000e+00,0.000000000000000000e+00,0.000000000000000000e+00,0.000000000000000000e+00,0.000000000000000000e+00,0.000000000000000000e+00,4.000000000000000000e+00,0.000000000000000000e+00,1.100000000000000000e+01,1.000000000000000000e+01,0.000000000000000000e+00,1.000000000000000000e+00,0.000000000000000000e+00,0.000000000000000000e+00,0.000000000000000000e+00,5.000000000000000000e+00,0.000000000000000000e+00,1.000000000000000000e+01,0.000000000000000000e+00,0.000000000000000000e+00,0.000000000000000000e+00,0.000000000000000000e+00,4.600000000000000000e+01,1.000000000000000000e+00,6.088000000000000000e+03,9.059000000000000000e+03,1.142000000000000000e+04,2.363000000000000000e+03,2.150000000000000000e+02,2.440000000000000000e+02,0.000000000000000000e+00,0.000000000000000000e+00,0.000000000000000000e+00,0.000000000000000000e+00,0.000000000000000000e+00,0.000000000000000000e+00,0.000000000000000000e+00,0.000000000000000000e+00,0.000000000000000000e+00,0.000000000000000000e+00,0.000000000000000000e+00,0.000000000000000000e+00,0.000000000000000000e+00,7.250000000000000000e+02,0.000000000000000000e+00,0.000000000000000000e+00,9.900000000000000000e+01,8.981000000000000000e+03,1.639000000000000000e+03,2.363000000000000000e+03,9.800000000000000000e+01,2.130000000000000000e+02,1.360000000000000000e+02,5.152000000000000000e+03,3.313000000000000000e+03,9.360000000000000000e+02,5.746000000000000000e+03,0.000000000000000000e+00,0.000000000000000000e+00,0.000000000000000000e+00,0.000000000000000000e+00
2.200000000000000000e+01,6.538652500000001477e-02,1.100000000000000000e+01,4.000000000000000000e+00,7.800000000000000000e+01,1.100000000000000000e+01,4.000000000000000000e+00,7.800000000000000000e+01,7.000000000000000000e+00,0.000000000000000000e+00,0.000000000000000000e+00,2.661000000000000000e+03,3.570000000000000000e+03,5.625000000000000000e-01,2.867187500000000000e+00,1.504000000000000000e+03,1.452500000000000000e+04,8.600000000000000000e+02,7.000000000000000000e+00,0.000000000000000000e+00,0.000000000000000000e+00,0.000000000000000000e+00,0.000000000000000000e+00,1.460000000000000000e+02,0.000000000000000000e+00,0.000000000000000000e+00,7.000000000000000000e+01,1.390000000000000000e+02,0.000000000000000000e+00,0.000000000000000000e+00,0.000000000000000000e+00,0.000000000000000000e+00,8.000000000000000000e+00,0.000000000000000000e+00,0.000000000000000000e+00,8.100000000000000000e+02,7.700000000000000000e+01,0.000000000000000000e+00,9.780000000000000000e+02,0.000000000000000000e+00,0.000000000000000000e+00,0.000000000000000000e+00,0.000000000000000000e+00,0.000000000000000000e+00,0.000000000000000000e+00,0.000000000000000000e+00,2.900000000000000000e+01,0.000000000000000000e+00,1.100000000000000000e+01,1.000000000000000000e+01,0.000000000000000000e+00,1.000000000000000000e+00,0.000000000000000000e+00,0.000000000000000000e+00,0.000000000000000000e+00,5.000000000000000000e+00,0.000000000000000000e+00,1.000000000000000000e+01,0.000000000000000000e+00,0.000000000000000000e+00,0.000000000000000000e+00,0.000000000000000000e+00,3.600000000000000000e+01,0.000000000000000000e+00,4.472000000000000000e+03,8.530000000000000000e+03,9.350000000000000000e+03,2.047000000000000000e+03,1.950000000000000000e+02,3.410000000000000000e+02,1.000000000000000000e+01,0.000000000000000000e+00,0.000000000000000000e+00,0.000000000000000000e+00,0.000000000000000000e+00,0.000000000000000000e+00,0.000000000000000000e+00,0.000000000000000000e+00,0.000000000000000000e+00,0.000000000000000000e+00,0.000000000000000000e+00,0.000000000000000000e+00,0.000000000000000000e+00,6.030000000000000000e+02,0.000000000000000000e+00,0.000000000000000000e+00,8.000000000000000000e+01,7.174000000000000000e+03,1.385000000000000000e+03,2.047000000000000000e+03,1.660000000000000000e+02,1.850000000000000000e+02,1.940000000000000000e+02,3.552000000000000000e+03,3.424000000000000000e+03,9.200000000000000000e+02,5.106000000000000000e+03,0.000000000000000000e+00,0.000000000000000000e+00,0.000000000000000000e+00,0.000000000000000000e+00
2.300000000000000000e+01,5.789592500000000086e-02,3.125000000000000000e+01,0.000000000000000000e+00,5.833299999999999841e+01,3.125000000000000000e+01,0.000000000000000000e+00,5.833299999999999841e+01,9.375000000000000000e+00,0.000000000000000000e+00,1.042000000000000037e+00,2.661000000000000000e+03,3.742000000000000000e+03,1.687500000000000000e+00,3.554687500000000000e+00,1.504000000000000000e+03,1.452500000000000000e+04,1.012000000000000000e+03,7.000000000000000000e+00,0.000000000000000000e+00,0.000000000000000000e+00,0.000000000000000000e+00,0.000000000000000000e+00,2.590000000000000000e+02,0.000000000000000000e+00,0.000000000000000000e+00,1.820000000000000000e+02,2.600000000000000000e+02,0.000000000000000000e+00,0.000000000000000000e+00,0.000000000000000000e+00,0.000000000000000000e+00,1.400000000000000000e+01,0.000000000000000000e+00,0.000000000000000000e+00,3.057000000000000000e+03,4.610000000000000000e+03,0.000000000000000000e+00,3.987000000000000000e+03,0.000000000000000000e+00,0.000000000000000000e+00,0.000000000000000000e+00,0.000000000000000000e+00,0.000000000000000000e+00,0.000000000000000000e+00,0.000000000000000000e+00,2.050000000000000000e+02,0.000000000000000000e+00,1.100000000000000000e+01,1.000000000000000000e+01,0.000000000000000000e+00,1.000000000000000000e+00,0.000000000000000000e+00,0.000000000000000000e+00,0.000000000000000000e+00,5.000000000000000000e+00,0.000000000000000000e+00,1.000000000000000000e+01,0.000000000000000000e+00,0.000000000000000000e+00,0.000000000000000000e+00,0.000000000000000000e+00,4.300000000000000000e+01,0.000000000000000000e+00,6.968000000000000000e+03,1.121400000000000000e+04,1.141000000000000000e+04,3.183000000000000000e+03,1.920000000000000000e+02,6.910000000000000000e+02,4.000000000000000000e+01,0.000000000000000000e+00,0.000000000000000000e+00,0.000000000000000000e+00,0.000000000000000000e+00,0.000000000000000000e+00,0.000000000000000000e+00,0.000000000000000000e+00,0.000000000000000000e+00,0.000000000000000000e+00,0.000000000000000000e+00,1.000000000000000000e+00,0.000000000000000000e+00,9.580000000000000000e+02,0.000000000000000000e+00,0.000000000000000000e+00,9.000000000000000000e+01,7.995000000000000000e+03,1.753000000000000000e+03,3.183000000000000000e+03,4.180000000000000000e+02,1.520000000000000000e+02,4.900000000000000000e+02,5.736000000000000000e+03,4.686000000000000000e+03,1.232000000000000000e+03,6.528000000000000000e+03,0.000000000000000000e+00,0.000000000000000000e+00,0.000000000000000000e+00,0.000000000000000000e+00
2.400000000000000000e+01,7.106079999999999341e-02,1.372499999999999964e+01,2.940999999999999837e+00,7.647100000000000364e+01,1.372499999999999964e+01,2.940999999999999837e+00,7.647100000000000364e+01,6.863000000000000433e+00,0.000000000000000000e+00,0.000000000000000000e+00,2.661000000000000000e+03,3.793000000000000000e+03,7.148437500000000000e-01,2.406250000000000000e+00,1.504000000000000000e+03,1.452500000000000000e+04,8.690000000000000000e+02,7.000000000000000000e+00,0.000000000000000000e+00,0.000000000000000000e+00,0.000000000000000000e+00,0.000000000000000000e+00,1.710000000000000000e+02,0.000000000000000000e+00,0.000000000000000000e+00,8.600000000000000000e+01,8.500000000000000000e+01,0.000000000000000000e+00,0.000000000000000000e+00,0.000000000000000000e+00,1.000000000000000000e+00,5.599999999999999645e+00,0.000000000000000000e+00,0.000000000000000000e+00,8.310000000000000000e+02,7.200000000000000000e+01,0.000000000000000000e+00,8.280000000000000000e+02,0.000000000000000000e+00,0.000000000000000000e+00,0.000000000000000000e+00,0.000000000000000000e+00,0.000000000000000000e+00,0.000000000000000000e+00,0.000000000000000000e+00,2.000000000000000000e+01,0.000000000000000000e+00,1.100000000000000000e+01,1.000000000000000000e+01,0.000000000000000000e+00,1.000000000000000000e+00,0.000000000000000000e+00,0.000000000000000000e+00,0.000000000000000000e+00,5.000000000000000000e+00,0.000000000000000000e+00,1.000000000000000000e+01,0.000000000000000000e+00,0.000000000000000000e+00,0.000000000000000000e+00,0.000000000000000000e+00,4.300000000000000000e+01,1.000000000000000000e+00,3.648000000000000000e+03,9.026000000000000000e+03,1.120000000000000000e+04,2.377000000000000000e+03,1.670000000000000000e+02,5.760000000000000000e+02,3.000000000000000000e+01,0.000000000000000000e+00,0.000000000000000000e+00,0.000000000000000000e+00,0.000000000000000000e+00,0.000000000000000000e+00,0.000000000000000000e+00,0.000000000000000000e+00,0.000000000000000000e+00,0.000000000000000000e+00,0.000000000000000000e+00,0.000000000000000000e+00,0.000000000000000000e+00,2.970000000000000000e+02,0.000000000000000000e+00,0.000000000000000000e+00,1.000000000000000000e+02,8.694000000000000000e+03,1.382000000000000000e+03,2.377000000000000000e+03,3.710000000000000000e+02,1.350000000000000000e+02,2.700000000000000000e+02,2.832000000000000000e+03,3.934000000000000000e+03,8.160000000000000000e+02,5.092000000000000000e+03,0.000000000000000000e+00,0.000000000000000000e+00,0.000000000000000000e+00,0.000000000000000000e+00
2.500000000000000000e+01,5.673345000000000471e-02,1.200000000000000000e+01,3.000000000000000000e+00,7.800000000000000000e+01,1.200000000000000000e+01,3.000000000000000000e+00,7.800000000000000000e+01,7.000000000000000000e+00,0.000000000000000000e+00,0.000000000000000000e+00,2.661000000000000000e+03,3.569000000000000000e+03,7.265625000000000000e-01,3.136718750000000000e+00,1.504000000000000000e+03,1.452500000000000000e+04,8.170000000000000000e+02,7.000000000000000000e+00,0.000000000000000000e+00,0.000000000000000000e+00,0.000000000000000000e+00,0.000000000000000000e+00,1.700000000000000000e+02,0.000000000000000000e+00,0.000000000000000000e+00,8.500000000000000000e+01,1.510000000000000000e+02,0.000000000000000000e+00,0.000000000000000000e+00,0.000000000000000000e+00,0.000000000000000000e+00,7.599999999999999645e+00,0.000000000000000000e+00,0.000000000000000000e+00,9.350000000000000000e+02,9.600000000000000000e+01,0.000000000000000000e+00,1.001000000000000000e+03,0.000000000000000000e+00,0.000000000000000000e+00,0.000000000000000000e+00,0.000000000000000000e+00,0.000000000000000000e+00,0.000000000000000000e+00,0.000000000000000000e+00,6.400000000000000000e+01,0.000000000000000000e+00,1.100000000000000000e+01,1.000000000000000000e+01,0.000000000000000000e+00,1.000000000000000000e+00,0.000000000000000000e+00,0.000000000000000000e+00,0.000000000000000000e+00,5.000000000000000000e+00,0.000000000000000000e+00,1.000000000000000000e+01,0.000000000000000000e+00,0.000000000000000000e+00,0.000000000000000000e+00,0.000000000000000000e+00,3.400000000000000000e+01,0.000000000000000000e+00,2.248000000000000000e+03,6.780000000000000000e+03,7.713000000000000000e+03,1.143000000000000000e+03,1.920000000000000000e+02,3.100000000000000000e+02,1.000000000000000000e+01,0.000000000000000000e+00,0.000000000000000000e+00,0.000000000000000000e+00,0.000000000000000000e+00,0.000000000000000000e+00,0.000000000000000000e+00,0.000000000000000000e+00,0.000000000000000000e+00,0.000000000000000000e+00,0.000000000000000000e+00,0.000000000000000000e+00,0.000000000000000000e+00,4.780000000000000000e+02,0.000000000000000000e+00,0.000000000000000000e+00,7.200000000000000000e+01,6.510000000000000000e+03,9.520000000000000000e+02,1.143000000000000000e+03,1.490000000000000000e+02,1.820000000000000000e+02,1.950000000000000000e+02,1.480000000000000000e+03,3.052000000000000000e+03,7.680000000000000000e+02,3.728000000000000000e+03,0.000000000000000000e+00,0.000000000000000000e+00,0.000000000000000000e+00,0.000000000000000000e+00
2.600000000000000000e+01,6.110577500000000800e-02,1.067999999999999972e+01,3.883000000000000007e+00,7.864100000000000534e+01,1.067999999999999972e+01,3.883000000000000007e+00,7.864100000000000534e+01,5.825000000000000178e+00,0.000000000000000000e+00,9.709999999999999742e-01,2.661000000000000000e+03,3.353000000000000000e+03,4.609375000000000000e-01,3.992187500000000000e+00,1.504000000000000000e+03,1.452500000000000000e+04,7.870000000000000000e+02,7.000000000000000000e+00,0.000000000000000000e+00,0.000000000000000000e+00,0.000000000000000000e+00,0.000000000000000000e+00,1.440000000000000000e+02,0.000000000000000000e+00,0.000000000000000000e+00,5.400000000000000000e+01,3.310000000000000000e+02,0.000000000000000000e+00,0.000000000000000000e+00,0.000000000000000000e+00,0.000000000000000000e+00,4.000000000000000000e+00,0.000000000000000000e+00,0.000000000000000000e+00,7.950000000000000000e+02,2.412000000000000000e+03,0.000000000000000000e+00,1.530000000000000000e+03,0.000000000000000000e+00,0.000000000000000000e+00,0.000000000000000000e+00,0.000000000000000000e+00,0.000000000000000000e+00,0.000000000000000000e+00,0.000000000000000000e+00,2.710000000000000000e+02,0.000000000000000000e+00,1.100000000000000000e+01,1.000000000000000000e+01,0.000000000000000000e+00,1.000000000000000000e+00,0.000000000000000000e+00,0.000000000000000000e+00,0.000000000000000000e+00,5.000000000000000000e+00,0.000000000000000000e+00,1.000000000000000000e+01,0.000000000000000000e+00,0.000000000000000000e+00,0.000000000000000000e+00,0.000000000000000000e+00,4.500000000000000000e+01,0.000000000000000000e+00,6.784000000000000000e+03,1.174000000000000000e+04,1.226600000000000000e+04,3.148000000000000000e+03,2.500000000000000000e+02,3.990000000000000000e+02,1.000000000000000000e+01,0.000000000000000000e+00,0.000000000000000000e+00,0.000000000000000000e+00,0.000000000000000000e+00,0.000000000000000000e+00,0.000000000000000000e+00,0.000000000000000000e+00,0.000000000000000000e+00,0.000000000000000000e+00,0.000000000000000000e+00,2.000000000000000000e+00,0.000000000000000000e+00,6.380000000000000000e+02,0.000000000000000000e+00,0.000000000000000000e+00,9.800000000000000000e+01,8.952000000000000000e+03,2.022000000000000000e+03,3.061000000000000000e+03,1.950000000000000000e+02,2.400000000000000000e+02,2.480000000000000000e+02,5.376000000000000000e+03,4.396000000000000000e+03,1.408000000000000000e+03,7.205000000000000000e+03,0.000000000000000000e+00,0.000000000000000000e+00,0.000000000000000000e+00,0.000000000000000000e+00
2.700000000000000000e+01,7.057075000000000153e-02,9.090999999999999304e+00,4.040000000000000036e+00,7.878799999999999670e+01,9.090999999999999304e+00,4.040000000000000036e+00,7.878799999999999670e+01,8.080999999999999517e+00,0.000000000000000000e+00,0.000000000000000000e+00,2.661000000000000000e+03,3.727000000000000000e+03,7.343750000000000000e-01,5.648437500000000000e+00,1.504000000000000000e+03,1.452400000000000000e+04,8.170000000000000000e+02,7.000000000000000000e+00,0.000000000000000000e+00,0.000000000000000000e+00,0.000000000000000000e+00,0.000000000000000000e+00,1.780000000000000000e+02,0.000000000000000000e+00,0.000000000000000000e+00,8.200000000000000000e+01,4.560000000000000000e+02,0.000000000000000000e+00,0.000000000000000000e+00,0.000000000000000000e+00,0.000000000000000000e+00,1.080000000000000071e+01,0.000000000000000000e+00,0.000000000000000000e+00,1.070000000000000000e+03,2.320000000000000000e+02,0.000000000000000000e+00,1.693000000000000000e+03,0.000000000000000000e+00,0.000000000000000000e+00,0.000000000000000000e+00,0.000000000000000000e+00,0.000000000000000000e+00,0.000000000000000000e+00,0.000000000000000000e+00,3.870000000000000000e+02,0.000000000000000000e+00,1.100000000000000000e+01,1.000000000000000000e+01,0.000000000000000000e+00,1.000000000000000000e+00,0.000000000000000000e+00,0.000000000000000000e+00,0.000000000000000000e+00,5.000000000000000000e+00,0.000000000000000000e+00,1.000000000000000000e+01,0.000000000000000000e+00,0.000000000000000000e+00,0.000000000000000000e+00,0.000000000000000000e+00,3.600000000000000000e+01,0.000000000000000000e+00,6.216000000000000000e+03,1.050700000000000000e+04,9.671000000000000000e+03,2.739000000000000000e+03,2.040000000000000000e+02,4.720000000000000000e+02,2.000000000000000000e+01,0.000000000000000000e+00,0.000000000000000000e+00,0.000000000000000000e+00,0.000000000000000000e+00,0.000000000000000000e+00,0.000000000000000000e+00,0.000000000000000000e+00,0.000000000000000000e+00,0.000000000000000000e+00,0.000000000000000000e+00,3.000000000000000000e+00,0.000000000000000000e+00,8.240000000000000000e+02,0.000000000000000000e+00,0.000000000000000000e+00,7.400000000000000000e+01,6.681000000000000000e+03,1.699000000000000000e+03,2.739000000000000000e+03,2.410000000000000000e+02,1.840000000000000000e+02,2.090000000000000000e+02,4.696000000000000000e+03,4.181000000000000000e+03,1.520000000000000000e+03,6.326000000000000000e+03,0.000000000000000000e+00,0.000000000000000000e+00,0.000000000000000000e+00,0.000000000000000000e+00
2.800000000000000000e+01,5.028077499999998590e-02,5.208000000000000185e+00,2.083000000000000185e+00,8.333299999999999841e+01,5.208000000000000185e+00,2.083000000000000185e+00,8.333299999999999841e+01,8.333000000000000185e+00,0.000000000000000000e+00,1.042000000000000037e+00,2.661000000000000000e+03,3.674000000000000000e+03,6.601562500000000000e-01,3.398437500000000000e+00,1.504000000000000000e+03,1.452400000000000000e+04,8.060000000000000000e+02,7.000000000000000000e+00,0.000000000000000000e+00,0.000000000000000000e+00,0.000000000000000000e+00,0.000000000000000000e+00,1.550000000000000000e+02,0.000000000000000000e+00,0.000000000000000000e+00,7.500000000000000000e+01,1.990000000000000000e+02,0.000000000000000000e+00,0.000000000000000000e+00,0.000000000000000000e+00,0.000000000000000000e+00,1.119999999999999929e+01,0.000000000000000000e+00,0.000000000000000000e+00,8.450000000000000000e+02,1.160000000000000000e+02,0.000000000000000000e+00,7.750000000000000000e+02,0.000000000000000000e+00,0.000000000000000000e+00,0.000000000000000000e+00,0.000000000000000000e+00,0.000000000000000000e+00,0.000000000000000000e+00,0.000000000000000000e+00,8.100000000000000000e+01,0.000000000000000000e+00,1.100000000000000000e+01,1.000000000000000000e+01,0.000000000000000000e+00,1.000000000000000000e+00,0.000000000000000000e+00,0.000000000000000000e+00,0.000000000000000000e+00,5.000000000000000000e+00,0.000000000000000000e+00,1.000000000000000000e+01,0.000000000000000000e+00,0.000000000000000000e+00,0.000000000000000000e+00,0.000000000000000000e+00,4.300000000000000000e+01,0.000000000000000000e+00,2.456000000000000000e+03,7.728000000000000000e+03,1.042100000000000000e+04,1.288000000000000000e+03,2.220000000000000000e+02,3.610000000000000000e+02,1.000000000000000000e+01,0.000000000000000000e+00,0.000000000000000000e+00,0.000000000000000000e+00,0.000000000000000000e+00,0.000000000000000000e+00,0.000000000000000000e+00,0.000000000000000000e+00,0.000000000000000000e+00,0.000000000000000000e+00,0.000000000000000000e+00,0.000000000000000000e+00,0.000000000000000000e+00,3.120000000000000000e+02,0.000000000000000000e+00,0.000000000000000000e+00,1.020000000000000000e+02,9.061000000000000000e+03,1.079000000000000000e+03,1.288000000000000000e+03,1.820000000000000000e+02,2.120000000000000000e+02,2.420000000000000000e+02,1.728000000000000000e+03,3.516000000000000000e+03,7.280000000000000000e+02,4.212000000000000000e+03,0.000000000000000000e+00,0.000000000000000000e+00,0.000000000000000000e+00,0.000000000000000000e+00
2.900000000000000000e+01,9.464067500000002131e-02,7.216000000000000192e+00,2.061999999999999833e+00,8.350499999999999545e+01,7.216000000000000192e+00,2.061999999999999833e+00,8.350499999999999545e+01,7.216000000000000192e+00,0.000000000000000000e+00,0.000000000000000000e+00,2.661000000000000000e+03,3.458000000000000000e+03,6.640625000000000000e-01,2.367187500000000000e+00,1.504000000000000000e+03,1.452400000000000000e+04,8.140000000000000000e+02,7.000000000000000000e+00,0.000000000000000000e+00,0.000000000000000000e+00,0.000000000000000000e+00,0.000000000000000000e+00,1.530000000000000000e+02,0.000000000000000000e+00,0.000000000000000000e+00,7.800000000000000000e+01,1.330000000000000000e+02,0.000000000000000000e+00,0.000000000000000000e+00,0.000000000000000000e+00,0.000000000000000000e+00,9.199999999999999289e+00,0.000000000000000000e+00,0.000000000000000000e+00,7.320000000000000000e+02,7.800000000000000000e+01,0.000000000000000000e+00,1.374000000000000000e+03,0.000000000000000000e+00,0.000000000000000000e+00,0.000000000000000000e+00,0.000000000000000000e+00,0.000000000000000000e+00,0.000000000000000000e+00,0.000000000000000000e+00,8.000000000000000000e+01,0.000000000000000000e+00,1.100000000000000000e+01,1.000000000000000000e+01,0.000000000000000000e+00,1.000000000000000000e+00,0.000000000000000000e+00,0.000000000000000000e+00,0.000000000000000000e+00,5.000000000000000000e+00,0.000000000000000000e+00,1.000000000000000000e+01,0.000000000000000000e+00,0.000000000000000000e+00,0.000000000000000000e+00,0.000000000000000000e+00,3.400000000000000000e+01,0.000000000000000000e+00,3.496000000000000000e+03,7.878000000000000000e+03,8.728000000000000000e+03,1.796000000000000000e+03,1.770000000000000000e+02,4.240000000000000000e+02,2.000000000000000000e+01,0.000000000000000000e+00,0.000000000000000000e+00,0.000000000000000000e+00,0.000000000000000000e+00,0.000000000000000000e+00,0.000000000000000000e+00,0.000000000000000000e+00,0.000000000000000000e+00,0.000000000000000000e+00,0.000000000000000000e+00,0.000000000000000000e+00,0.000000000000000000e+00,4.900000000000000000e+02,0.000000000000000000e+00,0.000000000000000000e+00,7.500000000000000000e+01,6.795000000000000000e+03,1.159000000000000000e+03,1.796000000000000000e+03,2.440000000000000000e+02,1.570000000000000000e+02,2.500000000000000000e+02,2.792000000000000000e+03,3.439000000000000000e+03,7.040000000000000000e+02,4.439000000000000000e+03,0.000000000000000000e+00,0.000000000000000000e+00,0.000000000000000000e+00,0.000000000000000000e+00
3.000000000000000000e+01,6.956845000000001777e-02,1.237100000000000044e+01,4.123999999999999666e+00,7.525799999999999557e+01,1.237100000000000044e+01,4.123999999999999666e+00,7.525799999999999557e+01,8.246999999999999886e+00,0.000000000000000000e+00,0.000000000000000000e+00,2.661000000000000000e+03,3.876000000000000000e+03,6.406250000000000000e-01,4.222656250000000000e+00,1.504000000000000000e+03,1.452400000000000000e+04,8.280000000000000000e+02,7.000000000000000000e+00,0.000000000000000000e+00,0.000000000000000000e+00,0.000000000000000000e+00,0.000000000000000000e+00,1.670000000000000000e+02,0.000000000000000000e+00,0.000000000000000000e+00,7.500000000000000000e+01,2.720000000000000000e+02,0.000000000000000000e+00,0.000000000000000000e+00,0.000000000000000000e+00,0.000000000000000000e+00,1.159999999999999964e+01,0.000000000000000000e+00,0.000000000000000000e+00,1.005000000000000000e+03,4.623000000000000000e+03,0.000000000000000000e+00,1.010000000000000000e+03,0.000000000000000000e+00,0.000000000000000000e+00,0.000000000000000000e+00,0.000000000000000000e+00,0.000000000000000000e+00,0.000000000000000000e+00,0.000000000000000000e+00,1.630000000000000000e+02,0.000000000000000000e+00,1.100000000000000000e+01,1.000000000000000000e+01,0.000000000000000000e+00,1.000000000000000000e+00,0.000000000000000000e+00,0.000000000000000000e+00,0.000000000000000000e+00,5.000000000000000000e+00,0.000000000000000000e+00,1.000000000000000000e+01,0.000000000000000000e+00,0.000000000000000000e+00,0.000000000000000000e+00,0.000000000000000000e+00,4.600000000000000000e+01,1.000000000000000000e+00,4.760000000000000000e+03,1.175000000000000000e+04,1.199600000000000000e+04,2.473000000000000000e+03,3.050000000000000000e+02,4.340000000000000000e+02,1.000000000000000000e+01,0.000000000000000000e+00,0.000000000000000000e+00,0.000000000000000000e+00,0.000000000000000000e+00,0.000000000000000000e+00,0.000000000000000000e+00,0.000000000000000000e+00,0.000000000000000000e+00,0.000000000000000000e+00,0.000000000000000000e+00,0.000000000000000000e+00,0.000000000000000000e+00,5.610000000000000000e+02,0.000000000000000000e+00,0.000000000000000000e+00,1.020000000000000000e+02,9.404000000000000000e+03,1.868000000000000000e+03,2.473000000000000000e+03,2.140000000000000000e+02,2.930000000000000000e+02,2.790000000000000000e+02,3.888000000000000000e+03,4.773000000000000000e+03,8.720000000000000000e+02,6.977000000000000000e+03,0.000000000000000000e+00,0.000000000000000000e+00,0.000000000000000000e+00,0.000000000000000000e+00
