"epoch","load avg",,,"cpu0 usage",,,,,,"memory usage",,,,"net/eth0",,"dsk/vda",,"io/vda",,"async","swap",,"paging",,"virtual memory",,,,"filesystem",,"interrupts",,,,,,,,"system",,"procs",,,"vda","postgres on localhost 5432",,,,,,,,,,,,,,,,,,,,,,,,,,,,,,,,,,,,,,,,,,,,,,,,,,,,,,,,,,,,,,"postgres usage",,,
"epoch","1m","5m","15m","usr","sys","idl","wai","hiq","siq","used","buff","cach","free","recv","send","read","writ","read","writ","#aio","used","free","in","out","majpf","minpf","alloc","free","files","inodes","1","4","11","12","25","27","29","30","int","csw","run","blk","new","util","buffers_checkpoint","buffers_clean","buffers_backend","total","idle","idle_in_xact","active","waiting_lwlock","waiting_lock","waiting_bufferpin","waiting_activity","waiting_extension","waiting_client","waiting_ipc","waiting_timeout","waiting_io","others","commits","rollbacks","reads","hits","returned","fetched","inserts","updates","deletes","conflicts","deadlocks","temp_files","temp_bytes","read_t","write_t","checkpoints_timed","checkpoints_req","checkpoint_write_time","checkpoint_sync_time","buffers_checkpoint","buffers_clean","maxwritten_clean","buffers_backend","buffers_backend_fsync","buffers_alloc","archived_count","failed_count","seq_scan","seq_read","idx_scan","idx_fetch","inserts","updates","deletes","hot_updates","live","dead","heap_read","heap_hit","idx_read","idx_hit","toast_read","toast_hit","tidx_read","tidx_hit","postgres_cpu","postgres_children_cpu","postgres_bytes_read","postgres_bytes_written"
1588357617.462,1.930,1.870,1.620,0.672,0.443,98.806,0.072,0.0,0.007,523411456.0,63336448.0,1294897152.0,215511040.0,0.0,0.0,12145.831,61028.081,0.422,2.384,2661.0,0.0,0.0,0.0,0.0,0.005,20.004,26.963,26.969,896.0,14846.0,0.000,0.000,0.000,0.000,0.000,1.475,0.328,0.000,405.005,1143.936,0.0,0.0,0.044,0.115,0.033,0.861,0.429,0.000,0.0,0.0,0.000,0.0,0.0,0.0,0.000,0.0,0.0,0.0,0.0,0.0,0.0,0.187,0.002,16.882,54.019,25.155,15.713,1.712,2.033,0.074,0.0,0.0,0.0,0.0,0.0,0.0,0.000,0.000,1.055,0.005,0.033,0.861,0.007,0.429,0.0,1.664,0.0,0.0,0.069,4.336,8.424,15.399,1.712,2.033,0.074,1.767,1.630,0.221,13.883,25.158,2.945,28.147,0.0,0.0,0.0,0.0,0.000,0.000,4231.712,8486.206
1588357618.462,1.930,1.870,1.620,8.163,3.061,85.714,3.061,0.0,0.0,540147712.0,63336448.0,1296764928.0,196907008.0,0.0,0.0,1818624.0,581632.0,38.0,68.0,2661.0,0.0,0.0,0.0,0.0,31.0,5427.0,5339.0,765.0,1024.0,14875.0,0.0,0.0,0.0,0.0,0.0,42.0,0.0,0.0,541.0,1685.0,1.0,1.0,15.0,4.800,262134.0,6776938.0,3375029.0,1.0,0.0,0.0,1.0,0.0,0.0,0.0,5.0,0.0,0.0,0.0,0.0,0.0,0.0,1473471.0,19577.0,132894808.0,425226531.0,198018790.0,123687270.0,13479807.0,16000606.0,585904.0,0.0,0.0,0.0,0.0,0.0,0.0,949.0,6.0,8302741.0,40033.0,262134.0,6776938.0,57535.0,3375029.0,0.0,13101063.0,0.0,0.0,540570.0,34132214.0,66308260.0,121219357.0,13479807.0,16000606.0,585904.0,13908563.0,12832817.0,1740791.0,109282656.0,198040675.0,23183928.0,221570697.0,0.0,0.0,0.0,0.0,0.0,0.0,0.0,0.0
1588357619.465,2.260,1.940,1.640,83.168,16.832,0.0,0.0,0.0,0.0,572170240.0,63336448.0,1297494016.0,164155392.0,0.0,0.0,753664.0,1073152.0,12.0,131.0,2661.0,0.0,0.0,0.0,0.0,8.0,8940.0,9111.0,1114.0,1056.0,14875.0,0.0,0.0,0.0,0.0,0.0,21.0,0.0,0.0,622.0,3381.0,4.0,0.0,1.0,1.200,262134.0,6777035.0,3375029.0,1.0,0.0,0.0,1.0,0.0,0.0,0.0,5.0,0.0,0.0,0.0,0.0,0.0,0.0,1473471.0,19577.0,132894808.0,425226531.0,198018790.0,123687270.0,13479807.0,16000606.0,585904.0,0.0,0.0,0.0,0.0,0.0,0.0,949.0,6.0,8302741.0,40033.0,262134.0,6777035.0,57535.0,3375029.0,0.0,13101063.0,0.0,0.0,540570.0,34132214.0,66308260.0,121219357.0,13479807.0,16000606.0,585904.0,13908563.0,12832817.0,1740791.0,109282656.0,198040675.0,23183928.0,221570697.0,0.0,0.0,0.0,0.0,0.0,0.0,0.0,0.0
1588357620.463,2.260,1.940,1.640,82.828,16.162,0.0,1.010,0.0,0.0,620949504.0,63344640.0,1298599936.0,114262016.0,0.0,0.0,942080.0,17661952.0,13.0,1887.0,2661.0,0.0,0.0,0.0,0.0,10.0,14432.0,12667.0,463.0,1184.0,14937.0,0.0,0.0,0.0,0.0,0.0,116.0,0.0,0.0,666.0,3435.0,0.0,6.0,21.0,82.800,262134.0,6777085.0,3375029.0,11.0,5.0,0.0,6.0,2.0,0.0,0.0,4.0,0.0,5.0,0.0,0.0,4.0,0.0,1473481.0,19577.0,132894808.0,425226781.0,198018910.0,123687380.0,13479807.0,16000606.0,585904.0,0.0,0.0,0.0,0.0,0.0,0.0,949.0,6.0,8302741.0,40033.0,262134.0,6777085.0,57535.0,3375029.0,0.0,13101063.0,0.0,0.0,540570.0,34132214.0,66308260.0,121219357.0,13479807.0,16000606.0,585904.0,13908563.0,12832817.0,1740791.0,109282656.0,198040675.0,23183928.0,221570697.0,0.0,0.0,0.0,0.0,1.0,0.0,0.0,0.0
1588357621.463,2.260,1.940,1.640,34.343,5.051,0.0,60.606,0.0,0.0,631656448.0,63492096.0,1301454848.0,100552704.0,4470.0,1806.0,2846720.0,22867968.0,93.0,2063.0,2661.0,0.0,0.0,0.0,0.0,19.0,5559.0,3539.0,188.0,1376.0,14937.0,0.0,0.0,0.0,0.0,0.0,177.0,10.0,0.0,773.0,3348.0,0.0,6.0,0.0,100.0,262134.0,6777092.0,3375029.0,11.0,0.0,0.0,11.0,7.0,0.0,0.0,3.0,0.0,0.0,0.0,0.0,5.0,0.0,1473526.0,19577.0,132896120.0,425238740.0,198024916.0,123693378.0,13479907.0,16000721.0,585904.0,0.0,0.0,0.0,0.0,0.0,0.0,949.0,6.0,8302741.0,40033.0,262134.0,6777092.0,57535.0,3375029.0,0.0,13101063.0,0.0,0.0,540570.0,34132214.0,66308761.0,121219876.0,13479907.0,16000721.0,585904.0,13908678.0,12832917.0,1740862.0,109283280.0,198041937.0,23184288.0,221572437.0,0.0,0.0,0.0,0.0,0.0,0.0,0.0,0.0
1588357622.462,2.260,1.940,1.640,31.313,3.030,0.0,64.646,0.0,1.010,636489728.0,63492096.0,1301979136.0,95195136.0,0.0,0.0,204800.0,20168704.0,21.0,2128.0,2661.0,0.0,0.0,0.0,0.0,0.0,3525.0,2182.0,1010.0,1408.0,14937.0,0.0,0.0,0.0,0.0,0.0,128.0,0.0,0.0,798.0,3359.0,0.0,6.0,0.0,100.0,262134.0,6777192.0,3375029.0,11.0,0.0,0.0,11.0,7.0,0.0,0.0,3.0,0.0,0.0,0.0,0.0,5.0,0.0,1473556.0,19577.0,132898784.0,425250809.0,198030060.0,123698428.0,13480048.0,16001226.0,585934.0,0.0,0.0,0.0,0.0,0.0,0.0,949.0,6.0,8302741.0,40033.0,262134.0,6777192.0,57536.0,3375029.0,0.0,13101445.0,0.0,0.0,540570.0,34132214.0,66310079.0,121222153.0,13480048.0,16001226.0,585934.0,13909121.0,12833028.0,1740864.0,109285184.0,198045210.0,23184760.0,221577082.0,0.0,0.0,0.0,0.0,0.0,0.0,0.0,0.0
1588357623.463,2.260,1.940,1.640,53.535,7.071,0.0,38.384,0.0,1.010,651235328.0,63492096.0,1303396352.0,79032320.0,0.0,0.0,552960.0,14237696.0,60.0,1457.0,2661.0,0.0,0.0,0.0,0.0,0.0,8852.0,4676.0,671.0,1408.0,14937.0,0.0,0.0,0.0,0.0,0.0,260.0,0.0,0.0,914.0,5917.0,1.0,0.0,0.0,58.800,262134.0,6777592.0,3375029.0,11.0,10.0,0.0,1.0,0.0,0.0,0.0,5.0,0.0,10.0,0.0,0.0,0.0,0.0,1473613.0,19578.0,132903088.0,425265997.0,198034114.0,123702368.0,13480416.0,16001857.0,585954.0,0.0,0.0,0.0,0.0,0.0,0.0,949.0,6.0,8302741.0,40033.0,262134.0,6777592.0,57540.0,3375029.0,0.0,13102456.0,0.0,0.0,540570.0,34132214.0,66312428.0,121225374.0,13480416.0,16001857.0,585954.0,13909659.0,12833374.0,1741132.0,109288480.0,198050977.0,23185768.0,221585423.0,0.0,0.0,0.0,0.0,0.0,0.0,0.0,0.0
1588357624.463,2.080,1.900,1.630,36.559,4.301,55.914,2.151,0.0,1.075,653111296.0,63492096.0,1304219648.0,76333056.0,290.0,54.0,278528.0,4997120.0,32.0,603.0,2661.0,0.0,0.0,0.0,0.0,0.0,2710.0,1452.0,752.0,1440.0,14937.0,0.0,0.0,0.0,0.0,0.0,151.0,3.0,0.0,845.0,4272.0,0.0,0.0,0.0,6.400,262134.0,6778092.0,3375029.0,11.0,10.0,0.0,1.0,0.0,0.0,0.0,5.0,0.0,10.0,0.0,0.0,0.0,0.0,1473705.0,19580.0,132909232.0,425287861.0,198039884.0,123708069.0,13480959.0,16002654.0,585974.0,0.0,0.0,0.0,0.0,0.0,0.0,949.0,6.0,8302741.0,40033.0,262134.0,6778092.0,57545.0,3375029.0,0.0,13102856.0,0.0,0.0,540570.0,34132214.0,66316235.0,121230537.0,13480959.0,16002654.0,585974.0,13910406.0,12833893.0,1741379.0,109293120.0,198059174.0,23187272.0,221598291.0,0.0,0.0,0.0,0.0,0.0,0.0,0.0,0.0
1588357625.462,2.080,1.900,1.630,11.828,6.452,69.892,11.828,0.0,0.0,654225408.0,63500288.0,1305161728.0,74268672.0,118.0,74.0,360448.0,3584000.0,30.0,412.0,2661.0,0.0,0.0,0.0,0.0,0.0,2278.0,658.0,160.0,1440.0,14937.0,0.0,0.0,0.0,0.0,0.0,138.0,2.0,0.0,823.0,4438.0,0.0,0.0,0.0,15.200,262134.0,6778426.0,3375029.0,11.0,10.0,0.0,1.0,0.0,0.0,0.0,5.0,0.0,10.0,0.0,0.0,0.0,0.0,1473753.0,19580.0,132913864.0,425302807.0,198043797.0,123711809.0,13481298.0,16003494.0,586014.0,0.0,0.0,0.0,0.0,0.0,0.0,949.0,6.0,8302741.0,40033.0,262134.0,6778426.0,57545.0,3375029.0,0.0,13103445.0,0.0,0.0,540570.0,34132214.0,66318564.0,121234112.0,13481298.0,16003494.0,586014.0,13911112.0,12834192.0,1741580.0,109296880.0,198065347.0,23188144.0,221606825.0,0.0,0.0,0.0,0.0,0.0,0.0,0.0,0.0
1588357626.463,2.080,1.900,1.630,40.206,2.062,52.577,4.124,0.0,1.031,657981440.0,63500288.0,1305755648.0,69918720.0,356.0,134.0,262144.0,2785280.0,28.0,357.0,2661.0,0.0,0.0,0.0,0.0,0.0,2294.0,1206.0,161.0,1440.0,14937.0,0.0,0.0,0.0,0.0,0.0,143.0,4.0,0.0,836.0,3795.0,0.0,0.0,0.0,7.200,262134.0,6778687.0,3375029.0,11.0,10.0,0.0,1.0,0.0,0.0,0.0,5.0,0.0,10.0,0.0,0.0,0.0,0.0,1473801.0,19580.0,132917288.0,425312411.0,198046386.0,123714396.0,13481544.0,16003766.0,586014.0,0.0,0.0,0.0,0.0,0.0,0.0,949.0,6.0,8302741.0,40033.0,262134.0,6778687.0,57546.0,3375029.0,0.0,13103903.0,0.0,0.0,540570.0,34132214.0,66320362.0,121236514.0,13481544.0,16003766.0,586014.0,13911384.0,12834438.0,1741437.0,109299616.0,198068772.0,23188832.0,221612695.0,0.0,0.0,0.0,0.0,0.0,0.0,0.0,0.0
1588357627.463,2.080,1.900,1.630,15.217,4.348,76.087,4.348,0.0,0.0,659824640.0,62693376.0,1291866112.0,82771968.0,0.0,0.0,368640.0,2998272.0,39.0,355.0,2661.0,0.0,0.0,0.0,0.0,0.0,1794.0,916.0,4015.0,1440.0,14937.0,0.0,0.0,0.0,0.0,0.0,151.0,0.0,0.0,829.0,4321.0,0.0,0.0,0.0,6.400,262134.0,6778897.0,3375029.0,11.0,10.0,0.0,1.0,0.0,0.0,0.0,5.0,0.0,10.0,0.0,0.0,0.0,0.0,1473854.0,19581.0,132921000.0,425325358.0,198049397.0,123717346.0,13481901.0,16004266.0,586024.0,0.0,0.0,0.0,0.0,0.0,0.0,949.0,6.0,8302741.0,40033.0,262134.0,6778897.0,57546.0,3375029.0,0.0,13104340.0,0.0,0.0,540570.0,34132214.0,66322594.0,121239376.0,13481901.0,16004266.0,586024.0,13911848.0,12834783.0,1741493.0,109302464.0,198073899.0,23189696.0,221620373.0,0.0,0.0,0.0,0.0,0.0,0.0,0.0,0.0
1588357628.463,2.080,1.900,1.630,16.842,2.105,75.789,5.263,0.0,0.0,657076224.0,62693376.0,1292587008.0,84799488.0,0.0,0.0,282624.0,3391488.0,31.0,414.0,2661.0,0.0,0.0,0.0,0.0,0.0,2156.0,1145.0,1765.0,1440.0,14937.0,0.0,0.0,0.0,0.0,0.0,141.0,0.0,0.0,832.0,4103.0,0.0,0.0,0.0,7.600,262134.0,6779220.0,3375029.0,11.0,10.0,0.0,1.0,0.0,0.0,0.0,5.0,0.0,10.0,0.0,0.0,0.0,0.0,1473902.0,19581.0,132924672.0,425336652.0,198051805.0,123719703.0,13482231.0,16004711.0,586034.0,0.0,0.0,0.0,0.0,0.0,0.0,949.0,6.0,8302741.0,40033.0,262134.0,6779220.0,57547.0,3375029.0,0.0,13104833.0,0.0,0.0,540570.0,34132214.0,66324494.0,121241695.0,13482231.0,16004711.0,586034.0,13912250.0,12835103.0,1741632.0,109305216.0,198078415.0,23190616.0,221627062.0,0.0,0.0,0.0,0.0,0.0,0.0,0.0,0.0
1588357629.463,1.910,1.870,1.620,13.830,2.128,79.787,4.255,0.0,0.0,658198528.0,62693376.0,1293205504.0,83058688.0,0.0,0.0,147456.0,3375104.0,17.0,421.0,2661.0,0.0,0.0,0.0,0.0,0.0,1813.0,732.0,201.0,1440.0,14937.0,0.0,0.0,0.0,0.0,0.0,135.0,0.0,0.0,815.0,4098.0,1.0,0.0,0.0,4.0,262134.0,6779520.0,3375029.0,11.0,10.0,0.0,1.0,0.0,0.0,0.0,5.0,0.0,10.0,0.0,0.0,0.0,0.0,1473949.0,19582.0,132928168.0,425347514.0,198054085.0,123721945.0,13482556.0,16005169.0,586044.0,0.0,0.0,0.0,0.0,0.0,0.0,949.0,6.0,8302741.0,40033.0,262134.0,6779520.0,57547.0,3375029.0,0.0,13105307.0,0.0,0.0,540570.0,34132214.0,66326343.0,121243937.0,13482556.0,16005169.0,586044.0,13912681.0,12835416.0,1741897.0,109307816.0,198082842.0,23191512.0,221633497.0,0.0,0.0,0.0,0.0,0.0,0.0,0.0,0.0
1588357630.463,1.910,1.870,1.620,8.791,1.099,83.516,6.593,0.0,0.0,660099072.0,62697472.0,1293774848.0,80584704.0,0.0,0.0,270336.0,2379776.0,29.0,295.0,2661.0,0.0,0.0,0.0,0.0,0.0,2047.0,933.0,433.0,1440.0,14937.0,0.0,0.0,0.0,0.0,0.0,143.0,0.0,0.0,837.0,4207.0,0.0,0.0,1.0,8.800,262134.0,6779773.0,3375029.0,11.0,10.0,0.0,1.0,0.0,0.0,0.0,5.0,0.0,10.0,0.0,0.0,0.0,0.0,1474003.0,19582.0,132931680.0,425359975.0,198056903.0,123724733.0,13482910.0,16005651.0,586054.0,0.0,0.0,0.0,0.0,0.0,0.0,949.0,6.0,8302741.0,40033.0,262134.0,6779773.0,57548.0,3375029.0,0.0,13105713.0,0.0,0.0,540570.0,34132214.0,66328519.0,121246687.0,13482910.0,16005651.0,586054.0,13913143.0,12835760.0,1742005.0,109310440.0,198087766.0,23192400.0,221640944.0,0.0,0.0,0.0,0.0,0.0,0.0,0.0,0.0
1588357631.462,1.910,1.870,1.620,11.702,2.128,78.723,6.383,0.0,1.064,660000768.0,62697472.0,1294819328.0,79638528.0,0.0,0.0,540672.0,3948544.0,58.0,476.0,2661.0,0.0,0.0,0.0,0.0,0.0,1178.0,529.0,196.0,1440.0,14937.0,0.0,0.0,0.0,0.0,0.0,172.0,0.0,0.0,853.0,3996.0,0.0,0.0,0.0,9.600,262134.0,6780121.0,3375029.0,11.0,10.0,0.0,1.0,0.0,0.0,0.0,5.0,0.0,10.0,0.0,0.0,0.0,0.0,1474050.0,19583.0,132934728.0,425369432.0,198059192.0,123726968.0,13483159.0,16006124.0,586074.0,0.0,0.0,0.0,0.0,0.0,0.0,949.0,6.0,8302741.0,40033.0,262134.0,6780121.0,57549.0,3375029.0,0.0,13106189.0,0.0,0.0,540570.0,34132214.0,66330117.0,121248913.0,13483159.0,16006124.0,586074.0,13913581.0,12835987.0,1742029.0,109312728.0,198091645.0,23193160.0,221646497.0,0.0,0.0,0.0,0.0,0.0,0.0,0.0,0.0
1588357632.463,1.910,1.870,1.620,13.830,1.064,73.404,11.702,0.0,0.0,660103168.0,62697472.0,1295511552.0,78843904.0,0.0,0.0,237568.0,2957312.0,26.0,357.0,2661.0,0.0,0.0,0.0,0.0,0.0,901.0,331.0,133.0,1440.0,14937.0,0.0,0.0,0.0,0.0,0.0,138.0,0.0,0.0,829.0,4128.0,0.0,0.0,0.0,14.400,262134.0,6780409.0,3375029.0,11.0,10.0,0.0,1.0,0.0,0.0,0.0,5.0,0.0,10.0,0.0,0.0,0.0,0.0,1474098.0,19583.0,132938304.0,425381528.0,198061828.0,123729602.0,13483522.0,16006493.0,586074.0,0.0,0.0,0.0,0.0,0.0,0.0,949.0,6.0,8302741.0,40033.0,262134.0,6780409.0,57550.0,3375029.0,0.0,13106568.0,0.0,0.0,540570.0,34132214.0,66332297.0,121251547.0,13483522.0,16006493.0,586074.0,13913950.0,12836350.0,1742107.0,109315480.0,198096322.0,23193984.0,221653916.0,0.0,0.0,0.0,0.0,0.0,0.0,0.0,0.0
1588357633.462,1.910,1.870,1.620,9.474,2.105,82.105,5.263,0.0,1.053,660193280.0,62697472.0,1296150528.0,78114816.0,0.0,0.0,188416.0,3514368.0,20.0,422.0,2661.0,0.0,0.0,0.0,0.0,0.0,650.0,329.0,145.0,1440.0,14937.0,0.0,0.0,0.0,0.0,0.0,133.0,0.0,0.0,812.0,4037.0,0.0,0.0,0.0,6.400,262134.0,6780674.0,3375029.0,11.0,10.0,0.0,1.0,0.0,0.0,0.0,5.0,0.0,10.0,0.0,0.0,0.0,0.0,1474152.0,19583.0,132941168.0,425391563.0,198063726.0,123731460.0,13483842.0,16006949.0,586084.0,0.0,0.0,0.0,0.0,0.0,0.0,949.0,6.0,8302741.0,40033.0,262134.0,6780674.0,57550.0,3375029.0,0.0,13106952.0,0.0,0.0,540570.0,34132214.0,66333956.0,121253404.0,13483842.0,16006949.0,586084.0,13914381.0,12836660.0,1742226.0,109317536.0,198100573.0,23194792.0,221659697.0,0.0,0.0,0.0,0.0,0.0,0.0,0.0,0.0
1588357634.463,1.760,1.840,1.620,11.828,4.301,76.344,7.527,0.0,0.0,660598784.0,62697472.0,1297207296.0,76652544.0,0.0,0.0,360448.0,4128768.0,39.0,484.0,2661.0,0.0,0.0,0.0,0.0,0.0,1037.0,610.0,255.0,1440.0,14937.0,0.0,0.0,0.0,0.0,0.0,158.0,0.0,0.0,832.0,4527.0,0.0,0.0,0.0,9.600,262134.0,6781056.0,3375029.0,11.0,10.0,0.0,1.0,0.0,0.0,0.0,5.0,0.0,10.0,0.0,0.0,0.0,0.0,1474200.0,19583.0,132945064.0,425403907.0,198066832.0,123734468.0,13484143.0,16007620.0,586114.0,0.0,0.0,0.0,0.0,0.0,0.0,949.0,6.0,8302741.0,40033.0,262134.0,6781056.0,57552.0,3375029.0,0.0,13107439.0,0.0,0.0,540570.0,34132214.0,66336016.0,121256411.0,13484143.0,16007620.0,586114.0,13914984.0,12836931.0,1742369.0,109320552.0,198105681.0,23195672.0,221666930.0,0.0,0.0,0.0,0.0,0.0,0.0,0.0,0.0
1588357635.462,1.760,1.840,1.620,7.447,3.191,84.043,5.319,0.0,0.0,660783104.0,62697472.0,1297846272.0,75829248.0,0.0,0.0,360448.0,1826816.0,41.0,229.0,2661.0,0.0,0.0,0.0,0.0,0.0,832.0,307.0,111.0,1440.0,14937.0,0.0,0.0,0.0,0.0,0.0,144.0,0.0,0.0,816.0,3855.0,0.0,0.0,0.0,4.800,262134.0,6781197.0,3375029.0,11.0,10.0,0.0,1.0,0.0,0.0,0.0,5.0,0.0,10.0,0.0,0.0,0.0,0.0,1474247.0,19584.0,132947840.0,425413405.0,198068960.0,123736494.0,13484392.0,16008244.0,586144.0,0.0,0.0,0.0,0.0,0.0,0.0,949.0,6.0,8302741.0,40033.0,262134.0,6781197.0,57552.0,3375029.0,0.0,13107755.0,0.0,0.0,540570.0,34132214.0,66337481.0,121258436.0,13484392.0,16008244.0,586144.0,13915536.0,12837148.0,1742621.0,109322608.0,198109912.0,23196392.0,221672194.0,0.0,0.0,0.0,0.0,0.0,0.0,0.0,0.0
1588357636.462,1.760,1.840,1.620,8.421,4.211,76.842,10.526,0.0,0.0,660807680.0,62697472.0,1298583552.0,75067392.0,0.0,0.0,303104.0,2875392.0,28.0,351.0,2661.0,0.0,0.0,0.0,0.0,0.0,933.0,310.0,111.0,1440.0,14937.0,0.0,0.0,0.0,0.0,0.0,136.0,0.0,0.0,811.0,4039.0,0.0,0.0,0.0,12.800,262134.0,6781451.0,3375029.0,11.0,10.0,0.0,1.0,0.0,0.0,0.0,5.0,0.0,10.0,0.0,0.0,0.0,0.0,1474301.0,19584.0,132951224.0,425425317.0,198071621.0,123739153.0,13484746.0,16008617.0,586144.0,0.0,0.0,0.0,0.0,0.0,0.0,949.0,6.0,8302741.0,40033.0,262134.0,6781451.0,57552.0,3375029.0,0.0,13108166.0,0.0,0.0,540570.0,34132214.0,66339631.0,121261095.0,13484746.0,16008617.0,586144.0,13915909.0,12837502.0,1742694.0,109325144.0,198114589.0,23197240.0,221679429.0,0.0,0.0,0.0,0.0,0.0,0.0,0.0,0.0
1588357637.463,1.760,1.840,1.620,6.452,2.151,81.720,9.677,0.0,0.0,660930560.0,62697472.0,1299382272.0,74145792.0,0.0,0.0,376832.0,2351104.0,40.0,287.0,2661.0,0.0,0.0,0.0,0.0,0.0,730.0,332.0,121.0,1440.0,14937.0,0.0,0.0,0.0,0.0,0.0,144.0,0.0,0.0,806.0,3967.0,0.0,0.0,0.0,12.400,262134.0,6781636.0,3375029.0,11.0,10.0,0.0,1.0,0.0,0.0,0.0,5.0,0.0,10.0,0.0,0.0,0.0,0.0,1474348.0,19585.0,132953944.0,425435015.0,198073827.0,123741250.0,13484997.0,16009240.0,586174.0,0.0,0.0,0.0,0.0,0.0,0.0,949.0,6.0,8302741.0,40033.0,262134.0,6781636.0,57552.0,3375029.0,0.0,13108512.0,0.0,0.0,540570.0,34132214.0,66341112.0,121263183.0,13484997.0,16009240.0,586174.0,13916453.0,12837721.0,1742931.0,109327224.0,198118903.0,23197880.0,221684788.0,0.0,0.0,0.0,0.0,0.0,0.0,0.0,0.0
1588357638.463,1.760,1.840,1.620,9.574,2.128,77.660,10.638,0.0,0.0,661061632.0,62697472.0,1300267008.0,73129984.0,0.0,0.0,421888.0,3997696.0,50.0,473.0,2661.0,0.0,0.0,0.0,0.0,0.0,1361.0,527.0,267.0,1440.0,14937.0,0.0,0.0,0.0,0.0,0.0,161.0,0.0,0.0,822.0,4057.0,0.0,0.0,0.0,9.600,262134.0,6782049.0,3375029.0,11.0,10.0,0.0,1.0,0.0,0.0,0.0,5.0,0.0,10.0,0.0,0.0,0.0,0.0,1474395.0,19586.0,132959560.0,425446860.0,198077712.0,123745072.0,13485217.0,16009700.0,586194.0,0.0,0.0,0.0,0.0,0.0,0.0,949.0,6.0,8302741.0,40033.0,262134.0,6782049.0,57556.0,3375029.0,0.0,13109238.0,0.0,0.0,540570.0,34132214.0,66343418.0,121267005.0,13485217.0,16009700.0,586194.0,13916871.0,12837919.0,1742527.0,109331992.0,198123184.0,23198728.0,221692352.0,0.0,0.0,0.0,0.0,0.0,0.0,0.0,0.0
1588357639.463,1.620,1.810,1.610,10.417,4.167,79.167,5.208,0.0,1.042,661151744.0,62697472.0,1301000192.0,72306688.0,0.0,0.0,262144.0,4988928.0,30.0,604.0,2661.0,0.0,0.0,0.0,0.0,0.0,793.0,537.0,350.0,1440.0,14937.0,0.0,0.0,0.0,0.0,0.0,152.0,0.0,0.0,829.0,4199.0,0.0,0.0,0.0,7.600,262134.0,6782549.0,3375029.0,11.0,10.0,0.0,1.0,0.0,0.0,0.0,5.0,0.0,10.0,0.0,0.0,0.0,0.0,1474447.0,19588.0,132964216.0,425459748.0,198081127.0,123748359.0,13485502.0,16010457.0,586234.0,0.0,0.0,0.0,0.0,0.0,0.0,949.0,6.0,8302741.0,40033.0,262134.0,6782549.0,57561.0,3375029.0,0.0,13109848.0,0.0,0.0,540570.0,34132214.0,66345578.0,121270292.0,13485502.0,16010457.0,586234.0,13917537.0,12838160.0,1742685.0,109335632.0,198128505.0,23199744.0,221699919.0,0.0,0.0,0.0,0.0,0.0,0.0,0.0,0.0
1588357640.463,1.620,1.810,1.610,14.130,2.174,78.261,5.435,0.0,0.0,661237760.0,62701568.0,1301831680.0,71385088.0,0.0,0.0,335872.0,4055040.0,31.0,491.0,2661.0,0.0,0.0,0.0,0.0,0.0,864.0,452.0,209.0,1440.0,14937.0,0.0,0.0,0.0,0.0,0.0,154.0,0.0,0.0,813.0,4187.0,0.0,0.0,0.0,9.200,262134.0,6782930.0,3375029.0,11.0,10.0,0.0,1.0,0.0,0.0,0.0,5.0,0.0,10.0,0.0,0.0,0.0,0.0,1474495.0,19588.0,132968168.0,425472358.0,198083972.0,123751150.0,13485857.0,16010946.0,586244.0,0.0,0.0,0.0,0.0,0.0,0.0,949.0,6.0,8302741.0,40033.0,262134.0,6782930.0,57563.0,3375029.0,0.0,13110342.0,0.0,0.0,540570.0,34132214.0,66347753.0,121273083.0,13485857.0,16010946.0,586244.0,13917982.0,12838505.0,1742731.0,109338712.0,198133526.0,23200616.0,221707508.0,0.0,0.0,0.0,0.0,0.0,0.0,0.0,0.0
1588357641.463,1.620,1.810,1.610,10.526,2.105,82.105,5.263,0.0,0.0,661405696.0,62701568.0,1302614016.0,70434816.0,0.0,0.0,286720.0,2908160.0,34.0,347.0,2661.0,0.0,0.0,0.0,0.0,0.0,1012.0,414.0,205.0,1440.0,14937.0,0.0,0.0,0.0,0.0,0.0,144.0,0.0,0.0,810.0,3975.0,0.0,0.0,0.0,4.800,262134.0,6783203.0,3375029.0,11.0,10.0,0.0,1.0,0.0,0.0,0.0,5.0,0.0,10.0,0.0,0.0,0.0,0.0,1474543.0,19588.0,132971888.0,425482384.0,198086475.0,123753530.0,13486106.0,16011485.0,586264.0,0.0,0.0,0.0,0.0,0.0,0.0,949.0,6.0,8302741.0,40033.0,262134.0,6783203.0,57564.0,3375029.0,0.0,13110784.0,0.0,0.0,540570.0,34132214.0,66349367.0,121275463.0,13486106.0,16011485.0,586264.0,13918425.0,12838734.0,1742769.0,109341640.0,198137792.0,23201408.0,221713268.0,0.0,0.0,0.0,0.0,0.0,0.0,0.0,0.0
1588357642.463,1.620,1.810,1.610,10.526,2.105,77.895,7.368,0.0,2.105,662450176.0,61612032.0,1289424896.0,83668992.0,0.0,0.0,524288.0,4538368.0,53.0,538.0,2661.0,0.0,0.0,0.0,0.0,0.0,1022.0,818.0,4043.0,1440.0,14937.0,0.0,0.0,0.0,0.0,0.0,174.0,0.0,0.0,833.0,4103.0,0.0,0.0,0.0,9.200,262134.0,6783666.0,3375029.0,11.0,10.0,0.0,1.0,0.0,0.0,0.0,5.0,0.0,10.0,0.0,0.0,0.0,0.0,1474597.0,19588.0,132976672.0,425495073.0,198089882.0,123756827.0,13486398.0,16012071.0,586284.0,0.0,0.0,0.0,0.0,0.0,0.0,949.0,6.0,8302741.0,40033.0,262134.0,6783666.0,57568.0,3375029.0,0.0,13111375.0,0.0,0.0,540570.0,34132214.0,66351581.0,121278760.0,13486398.0,16012071.0,586284.0,13918922.0,12839006.0,1742800.0,109345480.0,198142798.0,23202352.0,221720951.0,0.0,0.0,0.0,0.0,0.0,0.0,0.0,0.0
1588357643.463,1.620,1.810,1.610,10.638,3.191,78.723,7.447,0.0,0.0,662560768.0,61612032.0,1290358784.0,82624512.0,0.0,0.0,319488.0,4653056.0,35.0,545.0,2661.0,0.0,0.0,0.0,0.0,0.0,1220.0,572.0,323.0,1440.0,14937.0,0.0,0.0,0.0,0.0,0.0,152.0,0.0,0.0,796.0,4544.0,0.0,0.0,0.0,8.0,262134.0,6784080.0,3375029.0,11.0,10.0,0.0,1.0,0.0,0.0,0.0,5.0,0.0,10.0,0.0,0.0,0.0,0.0,1474644.0,19589.0,132980960.0,425509587.0,198093633.0,123760470.0,13486737.0,16012764.0,586314.0,0.0,0.0,0.0,0.0,0.0,0.0,949.0,6.0,8302741.0,40033.0,262134.0,6784080.0,57570.0,3375029.0,0.0,13112051.0,0.0,0.0,540570.0,34132214.0,66354067.0,121282403.0,13486737.0,16012764.0,586314.0,13919536.0,12839313.0,1742678.0,109348936.0,198148595.0,23203184.0,221729668.0,0.0,0.0,0.0,0.0,0.0,0.0,0.0,0.0
1588357644.463,1.490,1.780,1.600,6.522,2.174,83.696,6.522,0.0,1.087,662683648.0,61612032.0,1291096064.0,81764352.0,0.0,0.0,204800.0,4038656.0,22.0,484.0,2661.0,0.0,0.0,0.0,0.0,0.0,812.0,418.0,215.0,1440.0,14937.0,0.0,0.0,0.0,0.0,0.0,145.0,0.0,0.0,816.0,4217.0,0.0,0.0,0.0,9.600,262134.0,6784493.0,3375250.0,11.0,10.0,0.0,1.0,0.0,0.0,0.0,5.0,0.0,10.0,0.0,0.0,0.0,0.0,1474692.0,19589.0,132986344.0,425522795.0,198097274.0,123764037.0,13487038.0,16013294.0,586334.0,0.0,0.0,0.0,0.0,0.0,0.0,949.0,6.0,8302741.0,40033.0,262134.0,6784493.0,57573.0,3375250.0,0.0,13112636.0,0.0,0.0,540570.0,34132214.0,66356501.0,121285970.0,13487038.0,16013294.0,586334.0,13920012.0,12839594.0,1742592.0,109353400.0,198153537.0,23204104.0,221737934.0,0.0,0.0,0.0,0.0,0.0,0.0,0.0,0.0
1588357645.462,1.490,1.780,1.600,7.609,1.087,85.870,5.435,0.0,0.0,662716416.0,61616128.0,1291788288.0,81035264.0,0.0,0.0,303104.0,4513792.0,32.0,551.0,2661.0,0.0,0.0,0.0,0.0,0.0,626.0,465.0,248.0,1440.0,14937.0,0.0,0.0,0.0,0.0,0.0,162.0,0.0,0.0,845.0,3919.0,0.0,0.0,0.0,8.800,262134.0,6784899.0,3375250.0,11.0,10.0,0.0,1.0,0.0,0.0,0.0,5.0,0.0,10.0,0.0,0.0,0.0,0.0,1474746.0,19589.0,132991120.0,425536217.0,198101130.0,123767767.0,13487312.0,16013935.0,586364.0,0.0,0.0,0.0,0.0,0.0,0.0,949.0,6.0,8302741.0,40033.0,262134.0,6784899.0,57575.0,3375250.0,0.0,13113174.0,0.0,0.0,540570.0,34132214.0,66358870.0,121289700.0,13487312.0,16013935.0,586364.0,13920556.0,12839838.0,1742726.0,109357280.0,198158809.0,23205000.0,221746084.0,0.0,0.0,0.0,0.0,0.0,0.0,0.0,0.0
1588357646.463,1.490,1.780,1.600,9.474,3.158,80.0,6.316,0.0,1.053,662827008.0,61616128.0,1292693504.0,80019456.0,0.0,0.0,344064.0,3039232.0,39.0,356.0,2661.0,0.0,0.0,0.0,0.0,0.0,720.0,362.0,130.0,1440.0,14937.0,0.0,0.0,0.0,0.0,0.0,149.0,0.0,0.0,811.0,4447.0,0.0,0.0,0.0,5.600,262134.0,6785193.0,3375250.0,11.0,10.0,0.0,1.0,0.0,0.0,0.0,5.0,0.0,10.0,0.0,0.0,0.0,0.0,1474794.0,19589.0,132994344.0,425547943.0,198103626.0,123770198.0,13487661.0,16014416.0,586374.0,0.0,0.0,0.0,0.0,0.0,0.0,949.0,6.0,8302741.0,40033.0,262134.0,6785193.0,57576.0,3375250.0,0.0,13113624.0,0.0,0.0,540570.0,34132214.0,66360838.0,121292131.0,13487661.0,16014416.0,586374.0,13921008.0,12840177.0,1742912.0,109359752.0,198163650.0,23205752.0,221752969.0,0.0,0.0,0.0,0.0,0.0,0.0,0.0,0.0
1588357647.463,1.490,1.780,1.600,13.684,3.158,76.842,6.316,0.0,0.0,662863872.0,61616128.0,1293832192.0,78843904.0,0.0,0.0,458752.0,3104768.0,53.0,353.0,2661.0,0.0,0.0,0.0,0.0,0.0,765.0,429.0,135.0,1440.0,14937.0,0.0,0.0,0.0,0.0,0.0,159.0,0.0,0.0,826.0,4604.0,0.0,0.0,0.0,8.800,262134.0,6785429.0,3375250.0,11.0,10.0,0.0,1.0,0.0,0.0,0.0,5.0,0.0,10.0,0.0,0.0,0.0,0.0,1474842.0,19589.0,132998096.0,425562351.0,198107427.0,123773736.0,13487944.0,16015524.0,586444.0,0.0,0.0,0.0,0.0,0.0,0.0,949.0,6.0,8302741.0,40033.0,262134.0,6785429.0,57576.0,3375250.0,0.0,13114085.0,0.0,0.0,540570.0,34132214.0,66362904.0,121295669.0,13487944.0,16015524.0,586444.0,13921921.0,12840390.0,1743339.0,109362696.0,198170149.0,23206560.0,221760878.0,0.0,0.0,0.0,0.0,0.0,0.0,0.0,0.0
1588357648.463,1.490,1.780,1.600,5.263,3.158,84.211,5.263,0.0,2.105,662999040.0,61616128.0,1294393344.0,78147584.0,0.0,0.0,229376.0,3301376.0,27.0,336.0,2661.0,0.0,0.0,0.0,0.0,0.0,816.0,289.0,129.0,1440.0,14937.0,0.0,0.0,0.0,0.0,0.0,131.0,0.0,0.0,802.0,3899.0,0.0,0.0,0.0,5.200,262134.0,6785638.0,3375250.0,11.0,10.0,0.0,1.0,0.0,0.0,0.0,5.0,0.0,10.0,0.0,0.0,0.0,0.0,1474894.0,19591.0,133001224.0,425573748.0,198110148.0,123776414.0,13488248.0,16015974.0,586454.0,0.0,0.0,0.0,0.0,0.0,0.0,949.0,6.0,8302741.0,40033.0,262134.0,6785638.0,57576.0,3375250.0,0.0,13114506.0,0.0,0.0,540570.0,34132214.0,66364930.0,121298347.0,13488248.0,16015974.0,586454.0,13922336.0,12840680.0,1743530.0,109365032.0,198174683.0,23207352.0,221767741.0,0.0,0.0,0.0,0.0,0.0,0.0,0.0,0.0
1588357649.463,1.370,1.750,1.590,6.452,2.151,87.097,4.301,0.0,0.0,663126016.0,61616128.0,1294966784.0,77447168.0,356.0,128.0,196608.0,2326528.0,21.0,288.0,2661.0,0.0,0.0,0.0,0.0,0.0,714.0,284.0,113.0,1440.0,14937.0,0.0,0.0,0.0,0.0,0.0,128.0,5.0,0.0,787.0,3900.0,0.0,0.0,0.0,5.200,262134.0,6785851.0,3375250.0,11.0,10.0,0.0,1.0,0.0,0.0,0.0,5.0,0.0,10.0,0.0,0.0,0.0,0.0,1474942.0,19591.0,133005128.0,425585374.0,198113226.0,123779422.0,13488522.0,16016488.0,586474.0,0.0,0.0,0.0,0.0,0.0,0.0,949.0,6.0,8302741.0,40033.0,262134.0,6785851.0,57576.0,3375250.0,0.0,13114927.0,0.0,0.0,540570.0,34132214.0,66366990.0,121301355.0,13488522.0,16016488.0,586474.0,13922799.0,12840934.0,1743537.0,109368144.0,198179293.0,23208144.0,221774757.0,0.0,0.0,0.0,0.0,0.0,0.0,0.0,0.0
1588357650.462,1.370,1.750,1.590,8.421,1.053,84.211,6.316,0.0,0.0,663183360.0,61620224.0,1295921152.0,76431360.0,0.0,0.0,425984.0,3059712.0,45.0,359.0,2661.0,0.0,0.0,0.0,0.0,0.0,510.0,422.0,181.0,1440.0,14937.0,0.0,0.0,0.0,0.0,0.0,154.0,0.0,0.0,801.0,3816.0,0.0,0.0,0.0,11.200,262134.0,6786081.0,3375250.0,11.0,10.0,0.0,1.0,0.0,0.0,0.0,5.0,0.0,10.0,0.0,0.0,0.0,0.0,1474988.0,19593.0,133007488.0,425592943.0,198114908.0,123781019.0,13488722.0,16016970.0,586494.0,0.0,0.0,0.0,0.0,0.0,0.0,949.0,6.0,8302741.0,40033.0,262134.0,6786081.0,57576.0,3375250.0,0.0,13115256.0,0.0,0.0,540570.0,34132214.0,66368178.0,121302952.0,13488722.0,16016970.0,586494.0,13923216.0,12841110.0,1743682.0,109369816.0,198182685.0,23208832.0,221778934.0,0.0,0.0,0.0,0.0,0.0,0.0,0.0,0.0
1588357651.463,1.370,1.750,1.590,3.261,3.261,88.043,5.435,0.0,0.0,663240704.0,61620224.0,1296498688.0,75796480.0,0.0,0.0,204800.0,3883008.0,25.0,480.0,2661.0,0.0,0.0,0.0,0.0,0.0,557.0,412.0,250.0,1440.0,14937.0,0.0,0.0,0.0,0.0,0.0,141.0,0.0,0.0,806.0,3709.0,0.0,0.0,0.0,7.600,262134.0,6786444.0,3375250.0,11.0,10.0,0.0,1.0,0.0,0.0,0.0,5.0,0.0,10.0,0.0,0.0,0.0,0.0,1475042.0,19593.0,133010520.0,425601938.0,198116791.0,123782888.0,13489008.0,16017277.0,586494.0,0.0,0.0,0.0,0.0,0.0,0.0,949.0,6.0,8302741.0,40033.0,262134.0,6786444.0,57578.0,3375250.0,0.0,13115739.0,0.0,0.0,540570.0,34132214.0,66369787.0,121304821.0,13489008.0,16017277.0,586494.0,13923523.0,12841396.0,1743814.0,109372024.0,198186271.0,23209656.0,221784343.0,0.0,0.0,0.0,0.0,0.0,0.0,0.0,0.0
1588357652.462,1.370,1.750,1.590,7.447,2.128,84.043,5.319,0.0,1.064,663416832.0,61620224.0,1297211392.0,74907648.0,0.0,0.0,278528.0,2924544.0,32.0,353.0,2661.0,0.0,0.0,0.0,0.0,0.0,389.0,350.0,134.0,1440.0,14937.0,0.0,0.0,0.0,0.0,0.0,141.0,0.0,0.0,796.0,4062.0,0.0,0.0,0.0,6.0,262134.0,6786689.0,3375250.0,11.0,10.0,0.0,1.0,0.0,0.0,0.0,5.0,0.0,10.0,0.0,0.0,0.0,0.0,1475090.0,19593.0,133014264.0,425613547.0,198119751.0,123785727.0,13489277.0,16017917.0,586524.0,0.0,0.0,0.0,0.0,0.0,0.0,949.0,6.0,8302741.0,40033.0,262134.0,6786689.0,57578.0,3375250.0,0.0,13116083.0,0.0,0.0,540570.0,34132214.0,66371715.0,121307660.0,13489277.0,16017917.0,586524.0,13924072.0,12841635.0,1744033.0,109375000.0,198191085.0,23210424.0,221791138.0,0.0,0.0,0.0,0.0,0.0,0.0,0.0,0.0
1588357653.463,1.370,1.750,1.590,7.609,1.087,86.957,4.348,0.0,0.0,663465984.0,61620224.0,1297797120.0,74272768.0,0.0,0.0,188416.0,2797568.0,18.0,213.0,2661.0,0.0,0.0,0.0,0.0,0.0,496.0,288.0,140.0,1440.0,14937.0,0.0,0.0,0.0,0.0,0.0,124.0,0.0,0.0,789.0,4086.0,0.0,0.0,0.0,6.800,262134.0,6786876.0,3375250.0,11.0,10.0,0.0,1.0,0.0,0.0,0.0,5.0,0.0,10.0,0.0,0.0,0.0,0.0,1475138.0,19593.0,133016680.0,425623775.0,198122212.0,123788148.0,13489547.0,16018334.0,586534.0,0.0,0.0,0.0,0.0,0.0,0.0,949.0,6.0,8302741.0,40033.0,262134.0,6786876.0,57578.0,3375250.0,0.0,13116443.0,0.0,0.0,540570.0,34132214.0,66373510.0,121310081.0,13489547.0,16018334.0,586534.0,13924460.0,12841895.0,1744230.0,109376720.0,198195209.0,23211120.0,221797242.0,0.0,0.0,0.0,0.0,0.0,0.0,0.0,0.0
1588357654.463,1.340,1.740,1.590,7.447,3.191,84.043,5.319,0.0,0.0,663539712.0,61620224.0,1298452480.0,73543680.0,42.0,54.0,163840.0,3915776.0,18.0,457.0,2661.0,0.0,0.0,0.0,0.0,0.0,701.0,404.0,210.0,1440.0,14937.0,0.0,0.0,0.0,0.0,0.0,132.0,1.0,0.0,799.0,4258.0,0.0,0.0,0.0,6.0,262134.0,6787178.0,3375250.0,11.0,10.0,0.0,1.0,0.0,0.0,0.0,5.0,0.0,10.0,0.0,0.0,0.0,0.0,1475192.0,19593.0,133020784.0,425639437.0,198126625.0,123792423.0,13489869.0,16019160.0,586574.0,0.0,0.0,0.0,0.0,0.0,0.0,949.0,6.0,8302741.0,40033.0,262134.0,6787178.0,57579.0,3375250.0,0.0,13116890.0,0.0,0.0,540570.0,34132214.0,66376198.0,121314356.0,13489869.0,16019160.0,586574.0,13925186.0,12842177.0,1744451.0,109379912.0,198201525.0,23212032.0,221806588.0,0.0,0.0,0.0,0.0,0.0,0.0,0.0,0.0
1588357655.462,1.340,1.740,1.590,5.376,2.151,83.871,7.527,0.0,1.075,663547904.0,61628416.0,1299197952.0,72781824.0,0.0,0.0,237568.0,2527232.0,28.0,293.0,2661.0,0.0,0.0,0.0,0.0,0.0,517.0,323.0,134.0,1440.0,14937.0,0.0,0.0,0.0,0.0,0.0,138.0,0.0,0.0,805.0,4117.0,0.0,0.0,0.0,8.800,262134.0,6787348.0,3375250.0,11.0,10.0,0.0,1.0,0.0,0.0,0.0,5.0,0.0,10.0,0.0,0.0,0.0,0.0,1475240.0,19593.0,133023344.0,425650088.0,198128897.0,123794580.0,13490155.0,16019817.0,586604.0,0.0,0.0,0.0,0.0,0.0,0.0,949.0,6.0,8302741.0,40033.0,262134.0,6787348.0,57579.0,3375250.0,0.0,13117180.0,0.0,0.0,540570.0,34132214.0,66377815.0,121316513.0,13490155.0,16019817.0,586604.0,13925757.0,12842433.0,1744729.0,109381784.0,198206249.0,23212720.0,221812515.0,0.0,0.0,0.0,0.0,0.0,0.0,0.0,0.0
1588357656.462,1.340,1.740,1.590,9.474,4.211,80.0,6.316,0.0,0.0,663695360.0,61628416.0,1300320256.0,71512064.0,0.0,0.0,417792.0,3678208.0,43.0,419.0,2661.0,0.0,0.0,0.0,0.0,0.0,845.0,556.0,255.0,1440.0,14937.0,0.0,0.0,0.0,0.0,0.0,156.0,0.0,0.0,804.0,4455.0,0.0,0.0,0.0,7.600,262134.0,6787670.0,3375250.0,11.0,10.0,0.0,1.0,0.0,0.0,0.0,5.0,0.0,10.0,0.0,0.0,0.0,0.0,1475288.0,19593.0,133027232.0,425660977.0,198131659.0,123797279.0,13490428.0,16020338.0,586624.0,0.0,0.0,0.0,0.0,0.0,0.0,949.0,6.0,8302741.0,40033.0,262134.0,6787670.0,57581.0,3375250.0,0.0,13117697.0,0.0,0.0,540570.0,34132214.0,66379727.0,121319212.0,13490428.0,16020338.0,586624.0,13926235.0,12842686.0,1744835.0,109384976.0,198210592.0,23213416.0,221819061.0,0.0,0.0,0.0,0.0,0.0,0.0,0.0,0.0
1588357657.463,1.340,1.740,1.590,6.593,2.198,84.615,6.593,0.0,0.0,663781376.0,61628416.0,1301598208.0,70148096.0,0.0,0.0,655360.0,4112384.0,61.0,477.0,2661.0,0.0,0.0,0.0,0.0,0.0,739.0,610.0,272.0,1440.0,14937.0,0.0,0.0,0.0,0.0,0.0,172.0,0.0,0.0,831.0,4377.0,0.0,0.0,0.0,8.800,262134.0,6788079.0,3375250.0,11.0,10.0,0.0,1.0,0.0,0.0,0.0,5.0,0.0,10.0,0.0,0.0,0.0,0.0,1475342.0,19593.0,133031320.0,425677046.0,198135966.0,123801289.0,13490738.0,16021420.0,586684.0,0.0,0.0,0.0,0.0,0.0,0.0,949.0,6.0,8302741.0,40033.0,262134.0,6788079.0,57584.0,3375250.0,0.0,13118131.0,0.0,0.0,540570.0,34132214.0,66382109.0,121323222.0,13490738.0,16021420.0,586684.0,13927079.0,12842936.0,1745352.0,109388024.0,198217622.0,23214456.0,221828100.0,0.0,0.0,0.0,0.0,0.0,0.0,0.0,0.0
1588357658.463,1.340,1.740,1.590,8.511,2.128,82.979,6.383,0.0,0.0,663846912.0,60813312.0,1287987200.0,84508672.0,0.0,0.0,262144.0,3153920.0,27.0,358.0,2661.0,0.0,0.0,0.0,0.0,0.0,473.0,390.0,3925.0,1440.0,14961.0,0.0,0.0,0.0,0.0,0.0,139.0,0.0,0.0,782.0,4162.0,0.0,0.0,0.0,8.0,262134.0,6788320.0,3375250.0,11.0,10.0,0.0,1.0,0.0,0.0,0.0,5.0,0.0,10.0,0.0,0.0,0.0,0.0,1475389.0,19594.0,133034752.0,425688949.0,198138726.0,123803920.0,13491037.0,16022098.0,586714.0,0.0,0.0,0.0,0.0,0.0,0.0,949.0,6.0,8302741.0,40033.0,262134.0,6788320.0,57584.0,3375250.0,0.0,13118558.0,0.0,0.0,540570.0,34132214.0,66383997.0,121325853.0,13491037.0,16022098.0,586714.0,13927657.0,12843203.0,1745625.0,109390552.0,198222693.0,23215360.0,221834932.0,0.0,0.0,0.0,0.0,0.0,0.0,0.0,0.0
1588357659.463,1.230,1.710,1.580,5.319,2.128,87.234,4.255,0.0,1.064,663801856.0,60813312.0,1288470528.0,84070400.0,0.0,0.0,131072.0,2301952.0,15.0,295.0,2661.0,0.0,0.0,0.0,0.0,0.0,294.0,255.0,112.0,1440.0,14961.0,0.0,0.0,0.0,0.0,0.0,126.0,0.0,0.0,793.0,3869.0,0.0,0.0,0.0,2.800,262134.0,6788525.0,3375250.0,11.0,10.0,0.0,1.0,0.0,0.0,0.0,5.0,0.0,10.0,0.0,0.0,0.0,0.0,1475437.0,19594.0,133037480.0,425697763.0,198140662.0,123805824.0,13491290.0,16022479.0,586724.0,0.0,0.0,0.0,0.0,0.0,0.0,949.0,6.0,8302741.0,40033.0,262134.0,6788525.0,57584.0,3375250.0,0.0,13118952.0,0.0,0.0,540570.0,34132214.0,66385538.0,121327757.0,13491290.0,16022479.0,586724.0,13928016.0,12843446.0,1745722.0,109392512.0,198226296.0,23216128.0,221840143.0,0.0,0.0,0.0,0.0,0.0,0.0,0.0,0.0
1588357660.463,1.230,1.710,1.580,10.638,1.064,76.596,11.702,0.0,0.0,663871488.0,60817408.0,1289474048.0,82993152.0,0.0,0.0,450560.0,4104192.0,48.0,477.0,2661.0,0.0,0.0,0.0,0.0,0.0,706.0,465.0,214.0,1440.0,14961.0,0.0,0.0,0.0,0.0,0.0,158.0,0.0,0.0,798.0,4347.0,1.0,0.0,0.0,12.800,262134.0,6788867.0,3375250.0,11.0,10.0,0.0,1.0,0.0,0.0,0.0,5.0,0.0,10.0,0.0,0.0,0.0,0.0,1475490.0,19595.0,133041368.0,425711479.0,198143912.0,123809004.0,13491651.0,16023078.0,586744.0,0.0,0.0,0.0,0.0,0.0,0.0,949.0,6.0,8302741.0,40033.0,262134.0,6788867.0,57585.0,3375250.0,0.0,13119469.0,0.0,0.0,540570.0,34132214.0,66387884.0,121330937.0,13491651.0,16023078.0,586744.0,13928563.0,12843785.0,1745893.0,109395504.0,198231850.0,23217024.0,221848305.0,0.0,0.0,0.0,0.0,0.0,0.0,0.0,0.0
1588357661.463,1.230,1.710,1.580,13.187,3.297,74.725,8.791,0.0,0.0,670228480.0,59609088.0,1286057984.0,81260544.0,0.0,0.0,18034688.0,4636672.0,327.0,567.0,2661.0,0.0,0.0,0.0,0.0,0.0,2603.0,6379.0,5973.0,1504.0,14965.0,0.0,0.0,0.0,0.0,0.0,438.0,0.0,0.0,1240.0,4534.0,1.0,0.0,1.0,29.200,262134.0,6789167.0,3375250.0,12.0,9.0,1.0,2.0,0.0,0.0,0.0,5.0,0.0,9.0,0.0,0.0,0.0,0.0,1475520.0,19595.0,133043792.0,425718043.0,198145463.0,123810512.0,13491828.0,16023391.0,586754.0,0.0,0.0,0.0,0.0,0.0,0.0,949.0,6.0,8302741.0,40033.0,262134.0,6789167.0,57588.0,3375250.0,0.0,13119730.0,0.0,0.0,540570.0,34132214.0,66388996.0,121332445.0,13491828.0,16023391.0,586754.0,13928843.0,12843952.0,1744692.0,109397344.0,198234540.0,23217608.0,221852179.0,0.0,0.0,0.0,0.0,0.0,0.0,0.0,0.0
1588357662.462,1.230,1.710,1.580,12.222,3.333,72.222,12.222,0.0,0.0,670334976.0,57614336.0,1293537280.0,75669504.0,0.0,0.0,46039040.0,2809856.0,727.0,351.0,2661.0,0.0,0.0,0.0,0.0,0.0,562.0,11606.0,10231.0,1504.0,14967.0,0.0,0.0,0.0,0.0,0.0,757.0,0.0,0.0,1766.0,4965.0,1.0,0.0,0.0,36.400,262134.0,6789627.0,3375250.0,12.0,10.0,0.0,2.0,0.0,0.0,0.0,5.0,0.0,10.0,0.0,0.0,0.0,0.0,1475585.0,19596.0,133048064.0,425734776.0,198149630.0,123814580.0,13492253.0,16024077.0,586774.0,0.0,0.0,0.0,0.0,0.0,0.0,949.0,6.0,8302741.0,40033.0,262134.0,6789627.0,57590.0,3375250.0,0.0,13120379.0,0.0,0.0,540570.0,34132214.0,66391646.0,121335924.0,13492253.0,16024077.0,586774.0,13929449.0,12844355.0,1744974.0,109400576.0,198241002.0,23218624.0,221861493.0,0.0,0.0,0.0,0.0,0.0,0.0,0.0,0.0
1588357663.463,1.230,1.710,1.580,20.833,6.250,62.500,9.375,0.0,1.042,664551424.0,57614336.0,1301786624.0,73203712.0,0.0,0.0,6733824.0,4268032.0,210.0,422.0,2661.0,0.0,0.0,0.0,0.0,0.0,2062.0,3025.0,2528.0,1440.0,14961.0,0.0,0.0,0.0,0.0,0.0,370.0,0.0,0.0,1306.0,4875.0,0.0,0.0,0.0,13.200,262134.0,6789874.0,3375250.0,11.0,10.0,0.0,1.0,0.0,0.0,0.0,5.0,0.0,10.0,0.0,0.0,0.0,0.0,1475651.0,19596.0,133139528.0,425751315.0,198154563.0,123818173.0,13492594.0,16024570.0,586784.0,0.0,0.0,0.0,0.0,0.0,0.0,949.0,6.0,8302741.0,40033.0,262134.0,6789874.0,57591.0,3375250.0,0.0,13120853.0,0.0,0.0,540570.0,34132214.0,66393813.0,121338717.0,13492594.0,16024570.0,586784.0,13929906.0,12844687.0,1715319.0,109486408.0,198247642.0,23223824.0,221870242.0,0.0,0.0,0.0,0.0,0.0,0.270,70029312.0,14016512.0
1588357664.462,1.130,1.680,1.570,5.319,2.128,87.234,5.319,0.0,0.0,664293376.0,57614336.0,1302364160.0,72884224.0,0.0,0.0,188416.0,4349952.0,22.0,538.0,2661.0,0.0,0.0,0.0,0.0,0.0,808.0,448.0,257.0,1440.0,15240.0,0.0,0.0,0.0,0.0,0.0,138.0,0.0,0.0,804.0,3462.0,0.0,0.0,0.0,5.600,262134.0,6790277.0,3375250.0,11.0,10.0,0.0,1.0,0.0,0.0,0.0,5.0,0.0,10.0,0.0,0.0,0.0,0.0,1475699.0,19596.0,133144352.0,425763095.0,198158590.0,123822158.0,13492797.0,16024923.0,586794.0,0.0,0.0,0.0,0.0,0.0,0.0,949.0,6.0,8302741.0,40033.0,262134.0,6790277.0,57594.0,3375250.0,0.0,13121449.0,0.0,0.0,540570.0,34132214.0,66396136.0,121342441.0,13492797.0,16024923.0,586794.0,13930227.0,12844880.0,1715032.0,109490568.0,198251581.0,23224488.0,221877702.0,0.0,0.0,0.0,0.0,0.0,0.0,0.0,0.0
1588357665.463,1.130,1.680,1.570,7.447,3.191,84.043,5.319,0.0,0.0,664526848.0,57622528.0,1303355392.0,71651328.0,0.0,0.0,458752.0,3932160.0,46.0,479.0,2661.0,0.0,0.0,0.0,0.0,0.0,634.0,597.0,292.0,1440.0,15551.0,0.0,0.0,0.0,0.0,0.0,161.0,0.0,0.0,827.0,3860.0,0.0,0.0,0.0,7.200,262134.0,6790695.0,3377264.0,11.0,10.0,0.0,1.0,0.0,0.0,0.0,5.0,0.0,10.0,0.0,0.0,0.0,0.0,1475747.0,19596.0,133149480.0,425774742.0,198162719.0,123826192.0,13492964.0,16025478.0,586824.0,0.0,0.0,0.0,0.0,0.0,0.0,949.0,6.0,8302741.0,40033.0,262134.0,6790695.0,57597.0,3377264.0,0.0,13122187.0,0.0,0.0,540570.0,34132214.0,66398419.0,121346454.0,13492964.0,16025478.0,586824.0,13930720.0,12845017.0,1714955.0,109494888.0,198255804.0,23225296.0,221885076.0,0.0,0.0,0.0,0.0,0.0,0.0,0.0,0.0
1588357666.463,1.130,1.680,1.570,7.527,2.151,83.871,6.452,0.0,0.0,664629248.0,57622528.0,1304166400.0,70737920.0,0.0,0.0,352256.0,3473408.0,38.0,421.0,2661.0,0.0,0.0,0.0,0.0,0.0,595.0,401.0,181.0,1440.0,15591.0,0.0,0.0,0.0,0.0,0.0,156.0,0.0,0.0,817.0,4185.0,0.0,0.0,0.0,7.600,262134.0,6790991.0,3377264.0,11.0,10.0,0.0,1.0,0.0,0.0,0.0,5.0,0.0,10.0,0.0,0.0,0.0,0.0,1475801.0,19596.0,133153584.0,425786381.0,198165518.0,123828963.0,13493288.0,16025947.0,586834.0,0.0,0.0,0.0,0.0,0.0,0.0,949.0,6.0,8302741.0,40033.0,262134.0,6790991.0,57598.0,3377264.0,0.0,13122646.0,0.0,0.0,540570.0,34132214.0,66400495.0,121349225.0,13493288.0,16025947.0,586834.0,13931173.0,12845331.0,1715097.0,109498256.0,198260414.0,23226032.0,221892105.0,0.0,0.0,0.0,0.0,0.0,0.0,0.0,0.0
1588357667.462,1.130,1.680,1.570,5.263,2.105,87.368,4.211,0.0,1.053,664662016.0,57622528.0,1304641536.0,70230016.0,0.0,0.0,90112.0,3366912.0,11.0,417.0,2661.0,0.0,0.0,0.0,0.0,0.0,487.0,286.0,141.0,1440.0,15591.0,0.0,0.0,0.0,0.0,0.0,128.0,0.0,0.0,799.0,3648.0,0.0,0.0,0.0,7.200,262134.0,6791320.0,3377264.0,11.0,10.0,0.0,1.0,0.0,0.0,0.0,5.0,0.0,10.0,0.0,0.0,0.0,0.0,1475848.0,19597.0,133157088.0,425796835.0,198168261.0,123831677.0,13493545.0,16026335.0,586844.0,0.0,0.0,0.0,0.0,0.0,0.0,949.0,6.0,8302741.0,40033.0,262134.0,6791320.0,57598.0,3377264.0,0.0,13123085.0,0.0,0.0,540570.0,34132214.0,66402446.0,121351935.0,13493545.0,16026335.0,586844.0,13931539.0,12845576.0,1715134.0,109501032.0,198264395.0,23226760.0,221898564.0,0.0,0.0,0.0,0.0,0.0,0.0,0.0,0.0
1588357668.463,1.130,1.680,1.570,5.319,4.255,84.043,6.383,0.0,0.0,664981504.0,56782848.0,1289056256.0,86335488.0,0.0,0.0,368640.0,1851392.0,41.0,232.0,2661.0,0.0,0.0,0.0,0.0,0.0,553.0,333.0,4302.0,1440.0,15591.0,0.0,0.0,0.0,0.0,0.0,149.0,0.0,0.0,819.0,4067.0,0.0,0.0,0.0,5.600,262134.0,6791458.0,3377264.0,11.0,10.0,0.0,1.0,0.0,0.0,0.0,5.0,0.0,10.0,0.0,0.0,0.0,0.0,1475896.0,19597.0,133159648.0,425805999.0,198170591.0,123833876.0,13493749.0,16026938.0,586874.0,0.0,0.0,0.0,0.0,0.0,0.0,949.0,6.0,8302741.0,40033.0,262134.0,6791458.0,57598.0,3377264.0,0.0,13123380.0,0.0,0.0,540570.0,34132214.0,66403886.0,121354127.0,13493749.0,16026938.0,586874.0,13932042.0,12845750.0,1715418.0,109502920.0,198268416.0,23227432.0,221903682.0,0.0,0.0,0.0,0.0,0.0,0.0,0.0,0.0
1588357669.463,1.040,1.650,1.560,9.474,2.105,82.105,6.316,0.0,0.0,664915968.0,56782848.0,1289838592.0,85618688.0,118.0,42.0,303104.0,3432448.0,34.0,419.0,2661.0,0.0,0.0,0.0,0.0,0.0,594.0,397.0,216.0,1472.0,15591.0,0.0,0.0,0.0,0.0,0.0,152.0,2.0,0.0,823.0,4163.0,0.0,0.0,0.0,10.400,262134.0,6791771.0,3377264.0,11.0,10.0,0.0,1.0,0.0,0.0,0.0,5.0,0.0,10.0,0.0,0.0,0.0,0.0,1475950.0,19597.0,133162864.0,425819316.0,198174210.0,123837380.0,13494043.0,16027640.0,586904.0,0.0,0.0,0.0,0.0,0.0,0.0,949.0,6.0,8302741.0,40033.0,262134.0,6791771.0,57598.0,3377264.0,0.0,13123803.0,0.0,0.0,540570.0,34132214.0,66406166.0,121357626.0,13494043.0,16027640.0,586904.0,13932669.0,12846014.0,1715643.0,109505344.0,198273869.0,23228224.0,221911529.0,0.0,0.0,0.0,0.0,0.0,0.0,0.0,0.0
1588357670.463,1.040,1.650,1.560,9.278,4.124,79.381,6.186,0.0,1.031,664862720.0,56786944.0,1290776576.0,84729856.0,0.0,0.0,409600.0,3571712.0,47.0,423.0,2661.0,0.0,0.0,0.0,0.0,0.0,527.0,442.0,215.0,1472.0,15591.0,0.0,0.0,0.0,0.0,0.0,172.0,0.0,0.0,835.0,4341.0,0.0,0.0,0.0,4.800,262134.0,6792085.0,3377264.0,11.0,10.0,0.0,1.0,0.0,0.0,0.0,5.0,0.0,10.0,0.0,0.0,0.0,0.0,1475997.0,19598.0,133166424.0,425831489.0,198177149.0,123840214.0,13494351.0,16028329.0,586934.0,0.0,0.0,0.0,0.0,0.0,0.0,949.0,6.0,8302741.0,40033.0,262134.0,6792085.0,57600.0,3377264.0,0.0,13124253.0,0.0,0.0,540570.0,34132214.0,66408125.0,121360456.0,13494351.0,16028329.0,586934.0,13933282.0,12846290.0,1716018.0,109508232.0,198279088.0,23228896.0,221918469.0,0.0,0.0,0.0,0.0,0.0,0.0,0.0,0.0
1588357671.463,1.040,1.650,1.560,7.447,4.255,82.979,5.319,0.0,0.0,664915968.0,56786944.0,1291550720.0,83902464.0,0.0,0.0,278528.0,3457024.0,33.0,420.0,2661.0,0.0,0.0,0.0,0.0,0.0,369.0,398.0,190.0,1472.0,15591.0,0.0,0.0,0.0,0.0,0.0,156.0,0.0,0.0,833.0,4012.0,0.0,0.0,0.0,5.600,262134.0,6792413.0,3377264.0,11.0,10.0,0.0,1.0,0.0,0.0,0.0,5.0,0.0,10.0,0.0,0.0,0.0,0.0,1476045.0,19598.0,133170032.0,425841974.0,198179863.0,123842842.0,13494605.0,16028858.0,586954.0,0.0,0.0,0.0,0.0,0.0,0.0,949.0,6.0,8302741.0,40033.0,262134.0,6792413.0,57600.0,3377264.0,0.0,13124803.0,0.0,0.0,540570.0,34132214.0,66409935.0,121363084.0,13494605.0,16028858.0,586954.0,13933752.0,12846524.0,1716095.0,109511128.0,198283370.0,23229608.0,221924672.0,0.0,0.0,0.0,0.0,0.0,0.0,0.0,0.0
1588357672.462,1.040,1.650,1.560,10.753,0.0,82.796,6.452,0.0,0.0,664834048.0,56786944.0,1292328960.0,83206144.0,0.0,0.0,253952.0,2383872.0,28.0,291.0,2661.0,0.0,0.0,0.0,0.0,0.0,363.0,347.0,181.0,1472.0,15591.0,0.0,0.0,0.0,0.0,0.0,134.0,0.0,0.0,811.0,4387.0,0.0,0.0,0.0,6.800,262134.0,6792603.0,3377264.0,11.0,10.0,0.0,1.0,0.0,0.0,0.0,5.0,0.0,10.0,0.0,0.0,0.0,0.0,1476099.0,19598.0,133174080.0,425856382.0,198183018.0,123845887.0,13495003.0,16029610.0,586984.0,0.0,0.0,0.0,0.0,0.0,0.0,949.0,6.0,8302741.0,40033.0,262134.0,6792603.0,57600.0,3377264.0,0.0,13125190.0,0.0,0.0,540570.0,34132214.0,66412258.0,121366128.0,13495003.0,16029610.0,586984.0,13934430.0,12846892.0,1716488.0,109514184.0,198289443.0,23230600.0,221933004.0,0.0,0.0,0.0,0.0,0.0,0.0,0.0,0.0
1588357673.463,1.040,1.650,1.560,5.556,1.111,78.889,14.444,0.0,0.0,668356608.0,56786944.0,1295343616.0,76668928.0,0.0,0.0,352256.0,10125312.0,33.0,669.0,2661.0,0.0,0.0,0.0,0.0,0.0,1964.0,1859.0,317.0,1472.0,15617.0,0.0,0.0,0.0,0.0,0.0,146.0,0.0,0.0,826.0,4046.0,0.0,4.0,4.0,17.200,262134.0,6792962.0,3377264.0,11.0,7.0,0.0,4.0,0.0,0.0,0.0,5.0,0.0,7.0,0.0,0.0,3.0,0.0,1476146.0,19599.0,133177544.0,425867659.0,198185498.0,123848366.0,13495336.0,16029957.0,586984.0,0.0,0.0,0.0,0.0,0.0,0.0,949.0,6.0,8302741.0,40033.0,262134.0,6792962.0,57602.0,3377264.0,0.0,13125652.0,0.0,0.0,540570.0,34132214.0,66414323.0,121368607.0,13495336.0,16029957.0,586984.0,13934777.0,12847223.0,1716513.0,109516744.0,198293790.0,23231504.0,221939934.0,0.0,0.0,0.0,0.0,0.0,0.0,0.0,0.0
1588357674.463,1.120,1.660,1.560,9.783,36.957,14.130,39.130,0.0,0.0,668254208.0,57266176.0,1296068608.0,75567104.0,0.0,0.0,352256.0,14536704.0,37.0,5138.0,2661.0,0.0,0.0,0.0,0.0,0.0,739.0,530.0,256.0,1472.0,15617.0,0.0,0.0,0.0,0.0,0.0,4691.0,0.0,0.0,5392.0,21948.0,1.0,0.0,0.0,64.800,262134.0,6793342.0,3377264.0,11.0,10.0,0.0,1.0,0.0,0.0,0.0,5.0,0.0,10.0,0.0,0.0,0.0,0.0,1476190.0,19600.0,133180448.0,425877870.0,198188121.0,123850987.0,13495601.0,16030233.0,586984.0,0.0,0.0,0.0,0.0,0.0,0.0,949.0,6.0,8302741.0,40033.0,262134.0,6793342.0,57604.0,3377264.0,0.0,13126146.0,0.0,0.0,540570.0,34132214.0,66416275.0,121371227.0,13495601.0,16030233.0,586984.0,13935052.0,12847486.0,1716499.0,109518968.0,198297557.0,23232184.0,221946375.0,0.0,0.0,0.0,0.0,0.0,0.0,0.0,0.0
1588357675.463,1.120,1.660,1.560,10.638,37.234,10.638,41.489,0.0,0.0,668168192.0,57778176.0,1296973824.0,74235904.0,356.0,134.0,335872.0,5627904.0,39.0,4566.0,2661.0,0.0,0.0,0.0,0.0,0.0,571.0,458.0,130.0,1472.0,15617.0,0.0,0.0,0.0,0.0,0.0,4424.0,4.0,0.0,5133.0,21065.0,1.0,0.0,0.0,62.800,262134.0,6793609.0,3377264.0,11.0,10.0,0.0,1.0,0.0,0.0,0.0,5.0,0.0,10.0,0.0,0.0,0.0,0.0,1476247.0,19600.0,133184960.0,425893897.0,198192666.0,123855348.0,13495929.0,16031078.0,587024.0,0.0,0.0,0.0,0.0,0.0,0.0,949.0,6.0,8302741.0,40033.0,262134.0,6793609.0,57605.0,3377264.0,0.0,13126574.0,0.0,0.0,540570.0,34132214.0,66418980.0,121375585.0,13495929.0,16031078.0,587024.0,13935761.0,12847774.0,1716709.0,109522616.0,198304065.0,23233048.0,221955885.0,0.0,0.0,0.0,0.0,0.0,0.0,0.0,0.0
1588357676.462,1.120,1.660,1.560,10.417,43.750,13.542,31.250,0.0,1.042,668196864.0,58318848.0,1298055168.0,72585216.0,0.0,0.0,507904.0,5697536.0,55.0,5126.0,2661.0,0.0,0.0,0.0,0.0,0.0,579.0,572.0,172.0,1472.0,15617.0,0.0,0.0,0.0,0.0,0.0,5026.0,0.0,0.0,5717.0,23385.0,1.0,0.0,0.0,55.200,262134.0,6793832.0,3377264.0,11.0,10.0,0.0,1.0,0.0,0.0,0.0,5.0,0.0,10.0,0.0,0.0,0.0,0.0,1476297.0,19601.0,133187952.0,425904883.0,198195190.0,123857712.0,13496198.0,16031854.0,587064.0,0.0,0.0,0.0,0.0,0.0,0.0,949.0,6.0,8302741.0,40033.0,262134.0,6793832.0,57606.0,3377264.0,0.0,13126929.0,0.0,0.0,540570.0,34132214.0,66420612.0,121377949.0,13496198.0,16031854.0,587064.0,13936420.0,12848001.0,1717065.0,109524792.0,198309066.0,23233864.0,221961870.0,0.0,0.0,0.0,0.0,0.0,0.0,0.0,0.0
1588357677.463,1.120,1.660,1.560,8.163,29.592,9.184,53.061,0.0,0.0,668213248.0,58712064.0,1298567168.0,71663616.0,0.0,0.0,131072.0,5492736.0,14.0,3448.0,2661.0,0.0,0.0,0.0,0.0,0.0,443.0,406.0,183.0,1472.0,15617.0,0.0,0.0,0.0,0.0,0.0,3184.0,0.0,0.0,3862.0,15918.0,1.0,0.0,0.0,71.600,262134.0,6794171.0,3377264.0,11.0,10.0,0.0,1.0,0.0,0.0,0.0,5.0,0.0,10.0,0.0,0.0,0.0,0.0,1476338.0,19601.0,133191176.0,425914653.0,198197697.0,123860218.0,13496453.0,16032125.0,587064.0,0.0,0.0,0.0,0.0,0.0,0.0,949.0,6.0,8302741.0,40033.0,262134.0,6794171.0,57607.0,3377264.0,0.0,13127462.0,0.0,0.0,540570.0,34132214.0,66422488.0,121380455.0,13496453.0,16032125.0,587064.0,13936691.0,12848256.0,1716919.0,109527424.0,198312652.0,23234456.0,221968054.0,0.0,0.0,0.0,0.0,0.0,0.0,0.0,0.0
1588357678.463,1.120,1.660,1.560,5.319,55.319,17.021,22.340,0.0,0.0,668262400.0,59256832.0,1299275776.0,70361088.0,0.0,0.0,270336.0,5607424.0,30.0,6243.0,2661.0,0.0,0.0,0.0,0.0,0.0,495.0,447.0,124.0,1472.0,15617.0,0.0,0.0,0.0,0.0,0.0,6123.0,0.0,0.0,6807.0,27251.0,1.0,0.0,0.0,52.0,262134.0,6794436.0,3377264.0,11.0,10.0,0.0,1.0,0.0,0.0,0.0,5.0,0.0,10.0,0.0,0.0,0.0,0.0,1476396.0,19601.0,133195928.0,425925740.0,198200983.0,123863456.0,13496694.0,16032541.0,587074.0,0.0,0.0,0.0,0.0,0.0,0.0,949.0,6.0,8302741.0,40033.0,262134.0,6794436.0,57607.0,3377264.0,0.0,13127937.0,0.0,0.0,540570.0,34132214.0,66424654.0,121383693.0,13496694.0,16032541.0,587074.0,13937071.0,12848487.0,1716826.0,109531352.0,198316751.0,23235280.0,221975042.0,0.0,0.0,0.0,0.0,0.0,0.0,0.0,0.0
1588357679.462,1.110,1.640,1.560,7.292,57.292,14.583,20.833,0.0,0.0,668024832.0,58957824.0,1283977216.0,86196224.0,0.0,0.0,319488.0,6447104.0,31.0,6131.0,2661.0,0.0,0.0,0.0,0.0,0.0,662.0,482.0,4305.0,1472.0,15617.0,0.0,0.0,0.0,0.0,0.0,5925.0,0.0,0.0,6611.0,27021.0,1.0,0.0,0.0,42.0,262134.0,6794784.0,3377264.0,11.0,10.0,0.0,1.0,0.0,0.0,0.0,5.0,0.0,10.0,0.0,0.0,0.0,0.0,1476447.0,19601.0,133199568.0,425939676.0,198204780.0,123867094.0,13496986.0,16033322.0,587114.0,0.0,0.0,0.0,0.0,0.0,0.0,949.0,6.0,8302741.0,40033.0,262134.0,6794784.0,57608.0,3377264.0,0.0,13128375.0,0.0,0.0,540570.0,34132214.0,66426967.0,121387329.0,13496986.0,16033322.0,587114.0,13937741.0,12848739.0,1717190.0,109534224.0,198322510.0,23236048.0,221983211.0,0.0,0.0,0.0,0.0,0.0,0.0,0.0,0.0
1588357680.463,1.110,1.640,1.560,8.333,52.083,15.625,22.917,0.0,1.042,668282880.0,59482112.0,1284677632.0,84713472.0,261.0,227.0,352256.0,5312512.0,33.0,5792.0,2661.0,0.0,0.0,0.0,0.0,3.0,627.0,460.0,129.0,1472.0,15617.0,0.0,0.0,0.0,0.0,0.0,5713.0,2.0,0.0,6404.0,25730.0,1.0,0.0,1.0,47.600,262134.0,6795006.0,3377264.0,11.0,10.0,0.0,1.0,0.0,0.0,0.0,5.0,0.0,10.0,0.0,0.0,0.0,0.0,1476488.0,19602.0,133202360.0,425947491.0,198206451.0,123868764.0,13497228.0,16033585.0,587114.0,0.0,0.0,0.0,0.0,0.0,0.0,949.0,6.0,8302741.0,40033.0,262134.0,6795006.0,57609.0,3377264.0,0.0,13128752.0,0.0,0.0,540570.0,34132214.0,66428381.0,121388999.0,13497228.0,16033585.0,587114.0,13938003.0,12848979.0,1717133.0,109536360.0,198325595.0,23236704.0,221987941.0,0.0,0.0,0.0,0.0,0.0,0.0,0.0,0.0
1588357681.463,1.110,1.640,1.560,14.583,50.0,13.542,21.875,0.0,0.0,668430336.0,60301312.0,1285427200.0,82997248.0,0.0,0.0,385024.0,5939200.0,44.0,5687.0,2661.0,0.0,0.0,0.0,0.0,0.0,546.0,578.0,165.0,1472.0,15617.0,0.0,0.0,0.0,0.0,0.0,5563.0,0.0,0.0,6259.0,25239.0,2.0,0.0,0.0,48.400,262134.0,6795296.0,3377264.0,11.0,10.0,0.0,1.0,0.0,0.0,0.0,5.0,0.0,10.0,0.0,0.0,0.0,0.0,1476544.0,19603.0,133205640.0,425959667.0,198209576.0,123871833.0,13497529.0,16034044.0,587124.0,0.0,0.0,0.0,0.0,0.0,0.0,949.0,6.0,8302741.0,40033.0,262134.0,6795296.0,57610.0,3377264.0,0.0,13129148.0,0.0,0.0,540570.0,34132214.0,66430600.0,121392068.0,13497529.0,16034044.0,587124.0,13938424.0,12849268.0,1717304.0,109538992.0,198330391.0,23237352.0,221995321.0,0.0,0.0,0.0,0.0,0.0,0.0,0.0,0.0
1588357682.463,1.110,1.640,1.560,9.574,44.681,12.766,32.979,0.0,0.0,668372992.0,60997632.0,1286533120.0,81252352.0,0.0,0.0,614400.0,6017024.0,61.0,5100.0,2661.0,0.0,0.0,0.0,0.0,0.0,650.0,660.0,212.0,1472.0,15617.0,0.0,0.0,0.0,0.0,0.0,5011.0,0.0,0.0,5689.0,23622.0,0.0,1.0,0.0,56.0,262134.0,6795585.0,3377264.0,11.0,10.0,0.0,1.0,0.0,0.0,0.0,5.0,0.0,10.0,0.0,0.0,0.0,0.0,1476595.0,19603.0,133209024.0,425971575.0,198212246.0,123874359.0,13497840.0,16034815.0,587164.0,0.0,0.0,0.0,0.0,0.0,0.0,949.0,6.0,8302741.0,40033.0,262134.0,6795585.0,57610.0,3377264.0,0.0,13129552.0,0.0,0.0,540570.0,34132214.0,66432390.0,121394594.0,13497840.0,16034815.0,587164.0,13939095.0,12849539.0,1717709.0,109541408.0,198335681.0,23238320.0,222001939.0,0.0,0.0,0.0,0.0,0.0,0.0,0.0,0.0
1588357683.462,1.110,1.640,1.560,9.0,51.0,14.0,26.0,0.0,0.0,668532736.0,61669376.0,1287327744.0,79626240.0,0.0,0.0,425984.0,7708672.0,62.0,5684.0,2661.0,0.0,0.0,0.0,0.0,0.0,679.0,631.0,239.0,1472.0,15617.0,0.0,0.0,0.0,0.0,0.0,5347.0,0.0,0.0,6042.0,24618.0,1.0,0.0,0.0,46.800,262134.0,6796085.0,3377264.0,11.0,10.0,0.0,1.0,0.0,0.0,0.0,5.0,0.0,10.0,0.0,0.0,0.0,0.0,1476637.0,19603.0,133213000.0,425982399.0,198215181.0,123877167.0,13498082.0,16035448.0,587194.0,0.0,0.0,0.0,0.0,0.0,0.0,949.0,6.0,8302741.0,40033.0,262134.0,6796085.0,57615.0,3377264.0,0.0,13130220.0,0.0,0.0,540570.0,34132214.0,66434175.0,121397402.0,13498082.0,16035448.0,587194.0,13939637.0,12849751.0,1717767.0,109544624.0,198340147.0,23239080.0,222008297.0,0.0,0.0,0.0,0.0,0.0,0.0,0.0,0.0
1588357684.463,1.100,1.630,1.560,9.574,46.809,13.830,29.787,0.0,0.0,668463104.0,62230528.0,1288167424.0,78295040.0,0.0,0.0,335872.0,5574656.0,35.0,5566.0,2661.0,0.0,0.0,0.0,0.0,0.0,392.0,469.0,150.0,1472.0,15617.0,0.0,0.0,0.0,0.0,0.0,5428.0,0.0,0.0,6131.0,25285.0,1.0,0.0,0.0,55.600,262134.0,6796333.0,3377264.0,11.0,10.0,0.0,1.0,0.0,0.0,0.0,5.0,0.0,10.0,0.0,0.0,0.0,0.0,1476694.0,19603.0,133216848.0,425995548.0,198218227.0,123880174.0,13498449.0,16035969.0,587204.0,0.0,0.0,0.0,0.0,0.0,0.0,949.0,6.0,8302741.0,40033.0,262134.0,6796333.0,57616.0,3377264.0,0.0,13130567.0,0.0,0.0,540570.0,34132214.0,66436498.0,121400409.0,13498449.0,16035969.0,587204.0,13940130.0,12850108.0,1717823.0,109547584.0,198345363.0,23239968.0,222016230.0,0.0,0.0,0.0,0.0,0.0,0.0,0.0,0.0
1588357685.462,1.100,1.630,1.560,7.368,36.842,9.474,45.263,0.0,1.053,668553216.0,62701568.0,1289068544.0,76832768.0,0.0,0.0,303104.0,6438912.0,33.0,4273.0,2661.0,0.0,0.0,0.0,0.0,0.0,551.0,543.0,187.0,1472.0,15617.0,0.0,0.0,0.0,0.0,0.0,3975.0,0.0,0.0,4646.0,19089.0,1.0,0.0,0.0,70.0,262134.0,6796717.0,3377264.0,11.0,10.0,0.0,1.0,0.0,0.0,0.0,5.0,0.0,10.0,0.0,0.0,0.0,0.0,1476745.0,19603.0,133220552.0,426007627.0,198221241.0,123883005.0,13498722.0,16036745.0,587244.0,0.0,0.0,0.0,0.0,0.0,0.0,949.0,6.0,8302741.0,40033.0,262134.0,6796717.0,57619.0,3377264.0,0.0,13131135.0,0.0,0.0,540570.0,34132214.0,66438350.0,121403236.0,13498722.0,16036745.0,587244.0,13940764.0,12850341.0,1718080.0,109550472.0,198350632.0,23240784.0,222023026.0,0.0,0.0,0.0,0.0,0.0,0.0,0.0,0.0
1588357686.463,1.100,1.630,1.560,7.447,50.0,15.957,25.532,0.0,1.064,668475392.0,63369216.0,1289842688.0,75468800.0,0.0,0.0,409600.0,5328896.0,42.0,6094.0,2661.0,0.0,0.0,0.0,0.0,0.0,420.0,487.0,138.0,1472.0,15617.0,0.0,0.0,0.0,0.0,0.0,6034.0,0.0,0.0,6724.0,27068.0,1.0,0.0,0.0,55.600,262134.0,6796932.0,3377264.0,11.0,10.0,0.0,1.0,0.0,0.0,0.0,5.0,0.0,10.0,0.0,0.0,0.0,0.0,1476787.0,19603.0,133223848.0,426016983.0,198223827.0,123885563.0,13498942.0,16037081.0,587254.0,0.0,0.0,0.0,0.0,0.0,0.0,949.0,6.0,8302741.0,40033.0,262134.0,6796932.0,57619.0,3377264.0,0.0,13131478.0,0.0,0.0,540570.0,34132214.0,66440116.0,121405793.0,13498942.0,16037081.0,587254.0,13941082.0,12850551.0,1717955.0,109553104.0,198354115.0,23241448.0,222028896.0,0.0,0.0,0.0,0.0,0.0,0.0,0.0,0.0
1588357687.463,1.100,1.630,1.560,9.091,49.495,14.141,27.273,0.0,0.0,668499968.0,64110592.0,1293901824.0,70643712.0,0.0,0.0,393216.0,10412032.0,62.0,5715.0,2661.0,0.0,0.0,0.0,0.0,0.0,551.0,1322.0,144.0,1504.0,15617.0,0.0,0.0,0.0,0.0,0.0,5471.0,0.0,0.0,6205.0,25128.0,1.0,0.0,0.0,53.600,262233.0,6797227.0,3377406.0,11.0,10.0,0.0,1.0,0.0,0.0,0.0,4.0,0.0,10.0,0.0,0.0,0.0,0.0,1476844.0,19603.0,133227192.0,426029486.0,198226656.0,123888293.0,13499281.0,16037704.0,587274.0,0.0,0.0,0.0,0.0,0.0,0.0,950.0,6.0,8302741.0,40033.0,262233.0,6797227.0,57620.0,3377406.0,0.0,13131849.0,0.0,0.0,540570.0,34132214.0,66442151.0,121408523.0,13499281.0,16037704.0,587274.0,13941626.0,12850870.0,1718262.0,109555456.0,198359395.0,23242440.0,222036119.0,0.0,0.0,0.0,0.0,0.0,0.0,0.0,0.0
1588357688.463,1.100,1.630,1.560,6.250,52.083,15.625,26.042,0.0,0.0,668532736.0,63737856.0,1280409600.0,84475904.0,0.0,0.0,368640.0,7266304.0,39.0,6129.0,2661.0,0.0,0.0,0.0,0.0,0.0,390.0,858.0,4228.0,1504.0,15617.0,0.0,0.0,0.0,0.0,0.0,6047.0,0.0,0.0,6754.0,26990.0,1.0,0.0,0.0,51.200,262310.0,6797394.0,3377407.0,11.0,10.0,0.0,1.0,0.0,0.0,0.0,4.0,0.0,10.0,0.0,0.0,0.0,0.0,1476895.0,19603.0,133229368.0,426036716.0,198228143.0,123889746.0,13499503.0,16038089.0,587284.0,0.0,0.0,0.0,0.0,0.0,0.0,950.0,6.0,8302741.0,40033.0,262310.0,6797394.0,57620.0,3377407.0,0.0,13132123.0,0.0,0.0,540570.0,34132214.0,66443360.0,121409976.0,13499503.0,16038089.0,587284.0,13941989.0,12851082.0,1718464.0,109557000.0,198362544.0,23243072.0,222040200.0,0.0,0.0,0.0,0.0,0.0,0.0,0.0,0.0
1588357689.463,1.090,1.620,1.550,9.184,53.061,15.306,22.449,0.0,0.0,668463104.0,64221184.0,1284530176.0,79941632.0,0.0,0.0,352256.0,11284480.0,34.0,6296.0,2661.0,0.0,0.0,0.0,0.0,0.0,825.0,1325.0,212.0,1504.0,15617.0,0.0,0.0,0.0,0.0,0.0,5921.0,0.0,0.0,6647.0,26733.0,1.0,0.0,0.0,47.600,262407.0,6797830.0,3377410.0,11.0,10.0,0.0,1.0,0.0,0.0,0.0,4.0,0.0,10.0,0.0,0.0,0.0,0.0,1476936.0,19604.0,133233208.0,426045468.0,198230685.0,123892243.0,13499695.0,16038424.0,587294.0,0.0,0.0,0.0,0.0,0.0,0.0,950.0,6.0,8302741.0,40033.0,262407.0,6797830.0,57623.0,3377410.0,0.0,13132671.0,0.0,0.0,540570.0,34132214.0,66445048.0,121412473.0,13499695.0,16038424.0,587294.0,13942294.0,12851262.0,1718286.0,109560104.0,198365780.0,23243808.0,222045716.0,0.0,0.0,0.0,0.0,0.0,0.0,0.0,0.0
1588357690.462,1.090,1.620,1.550,12.371,45.361,11.340,29.897,0.0,1.031,668745728.0,64794624.0,1288495104.0,75120640.0,0.0,0.0,303104.0,9228288.0,32.0,5134.0,2661.0,0.0,0.0,0.0,0.0,0.0,1002.0,1601.0,441.0,1504.0,15617.0,0.0,0.0,0.0,0.0,0.0,5052.0,0.0,0.0,5759.0,23704.0,1.0,1.0,1.0,50.0,262510.0,6798036.0,3377416.0,11.0,10.0,0.0,1.0,0.0,0.0,0.0,4.0,0.0,10.0,0.0,0.0,0.0,0.0,1476993.0,19604.0,133236672.0,426058997.0,198233478.0,123894889.0,13500076.0,16039168.0,587324.0,0.0,0.0,0.0,0.0,0.0,0.0,950.0,6.0,8302741.0,40033.0,262510.0,6798036.0,57623.0,3377416.0,0.0,13133122.0,0.0,0.0,540570.0,34132214.0,66447116.0,121415119.0,13500076.0,16039168.0,587324.0,13942929.0,12851613.0,1718617.0,109562608.0,198371680.0,23244768.0,222053345.0,0.0,0.0,0.0,0.0,0.0,0.0,0.0,0.0
1588357691.462,1.090,1.620,1.550,7.609,47.826,14.130,30.435,0.0,0.0,668487680.0,65351680.0,1292001280.0,71315456.0,0.0,0.0,303104.0,9580544.0,33.0,5955.0,2661.0,0.0,0.0,0.0,0.0,0.0,359.0,1111.0,164.0,1504.0,15617.0,0.0,0.0,0.0,0.0,0.0,5758.0,0.0,0.0,6465.0,26139.0,1.0,0.0,0.0,54.800,262598.0,6798259.0,3377417.0,11.0,10.0,0.0,1.0,0.0,0.0,0.0,4.0,0.0,10.0,0.0,0.0,0.0,0.0,1477044.0,19604.0,133240056.0,426069558.0,198236336.0,123897640.0,13500311.0,16039797.0,587354.0,0.0,0.0,0.0,0.0,0.0,0.0,950.0,6.0,8302741.0,40033.0,262598.0,6798259.0,57623.0,3377417.0,0.0,13133440.0,0.0,0.0,540570.0,34132214.0,66448900.0,121417869.0,13500311.0,16039797.0,587354.0,13943485.0,12851818.0,1718571.0,109565232.0,198376091.0,23245528.0,222059492.0,0.0,0.0,0.0,0.0,0.0,0.0,0.0,0.0
1588357692.463,1.090,1.620,1.550,8.602,47.312,13.978,29.032,0.0,1.075,668688384.0,65167360.0,1279959040.0,83341312.0,0.0,0.0,360448.0,10964992.0,35.0,5612.0,2661.0,0.0,0.0,0.0,0.0,0.0,502.0,1481.0,4422.0,1504.0,15617.0,0.0,0.0,0.0,0.0,0.0,5424.0,0.0,0.0,6115.0,25071.0,1.0,0.0,0.0,57.200,262698.0,6798567.0,3377427.0,11.0,10.0,0.0,1.0,0.0,0.0,0.0,4.0,0.0,10.0,0.0,0.0,0.0,0.0,1477086.0,19604.0,133243504.0,426080941.0,198238985.0,123900183.0,13500607.0,16040425.0,587384.0,0.0,0.0,0.0,0.0,0.0,0.0,950.0,6.0,8302741.0,40033.0,262698.0,6798567.0,57625.0,3377427.0,0.0,13133903.0,0.0,0.0,540570.0,34132214.0,66450726.0,121420412.0,13500607.0,16040425.0,587384.0,13944038.0,12852084.0,1718746.0,109567824.0,198380872.0,23246384.0,222066094.0,0.0,0.0,0.0,0.0,0.0,0.0,0.0,0.0
1588357693.463,1.090,1.620,1.550,8.163,44.898,19.388,26.531,0.0,1.020,666484736.0,65781760.0,1282605056.0,82284544.0,0.0,0.0,442368.0,10907648.0,49.0,5037.0,2661.0,0.0,0.0,0.0,0.0,0.0,871.0,1583.0,1449.0,1504.0,15592.0,0.0,0.0,0.0,0.0,0.0,4918.0,0.0,0.0,5614.0,23038.0,0.0,0.0,0.0,50.0,262805.0,6798863.0,3377434.0,11.0,10.0,0.0,1.0,0.0,0.0,0.0,4.0,0.0,10.0,0.0,0.0,0.0,0.0,1477142.0,19605.0,133247656.0,426093177.0,198241941.0,123903009.0,13500915.0,16041124.0,587414.0,0.0,0.0,0.0,0.0,0.0,0.0,950.0,6.0,8302741.0,40033.0,262805.0,6798863.0,57626.0,3377434.0,0.0,13134423.0,0.0,0.0,540570.0,34132214.0,66452714.0,121423238.0,13500915.0,16041124.0,587414.0,13944644.0,12852360.0,1718901.0,109571088.0,198386100.0,23247272.0,222073102.0,0.0,0.0,0.0,0.0,0.0,0.0,0.0,0.0
1588357694.462,1.0,1.600,1.540,9.574,2.128,79.787,8.511,0.0,0.0,666152960.0,65781760.0,1286762496.0,78458880.0,0.0,0.0,344064.0,7249920.0,36.0,410.0,2661.0,0.0,0.0,0.0,0.0,0.0,530.0,1186.0,152.0,1504.0,15592.0,0.0,0.0,0.0,0.0,0.0,154.0,0.0,0.0,846.0,4330.0,0.0,0.0,0.0,10.800,262922.0,6799171.0,3377441.0,11.0,10.0,0.0,1.0,0.0,0.0,0.0,4.0,0.0,10.0,0.0,0.0,0.0,0.0,1477192.0,19606.0,133251808.0,426106328.0,198245300.0,123906266.0,13501232.0,16041686.0,587434.0,0.0,0.0,0.0,0.0,0.0,0.0,950.0,6.0,8302741.0,40033.0,262922.0,6799171.0,57627.0,3377441.0,0.0,13134920.0,0.0,0.0,540570.0,34132214.0,66455014.0,121426495.0,13501232.0,16041686.0,587434.0,13945131.0,12852655.0,1718765.0,109574384.0,198391296.0,23248128.0,222081057.0,0.0,0.0,0.0,0.0,0.0,0.0,0.0,0.0
1588357695.463,1.0,1.600,1.540,6.383,2.128,81.915,9.574,0.0,0.0,666181632.0,65781760.0,1291149312.0,74043392.0,0.0,0.0,417792.0,6750208.0,49.0,452.0,2661.0,0.0,0.0,0.0,0.0,0.0,479.0,1272.0,172.0,1504.0,15592.0,0.0,0.0,0.0,0.0,0.0,161.0,0.0,0.0,845.0,3711.0,0.0,0.0,0.0,9.600,263014.0,6799435.0,3377445.0,11.0,10.0,0.0,1.0,0.0,0.0,0.0,4.0,0.0,10.0,0.0,0.0,0.0,0.0,1477234.0,19606.0,133254560.0,426114664.0,198247284.0,123908209.0,13501460.0,16042080.0,587444.0,0.0,0.0,0.0,0.0,0.0,0.0,950.0,6.0,8302741.0,40033.0,263014.0,6799435.0,57628.0,3377445.0,0.0,13135350.0,0.0,0.0,540570.0,34132214.0,66456455.0,121428438.0,13501460.0,16042080.0,587444.0,13945496.0,12852873.0,1718867.0,109576496.0,198394718.0,23248768.0,222085971.0,0.0,0.0,0.0,0.0,0.0,0.0,0.0,0.0
1588357696.463,1.0,1.600,1.540,7.527,2.151,82.796,7.527,0.0,0.0,666198016.0,65781760.0,1294274560.0,70901760.0,0.0,0.0,311296.0,6078464.0,32.0,484.0,2661.0,0.0,0.0,0.0,0.0,0.0,481.0,970.0,207.0,1504.0,15592.0,0.0,0.0,0.0,0.0,0.0,150.0,0.0,0.0,836.0,4159.0,0.0,0.0,0.0,8.400,263093.0,6799790.0,3377451.0,11.0,10.0,0.0,1.0,0.0,0.0,0.0,4.0,0.0,10.0,0.0,0.0,0.0,0.0,1477290.0,19607.0,133259352.0,426127156.0,198250707.0,123911544.0,13501748.0,16042650.0,587464.0,0.0,0.0,0.0,0.0,0.0,0.0,950.0,6.0,8302741.0,40033.0,263093.0,6799790.0,57630.0,3377451.0,0.0,13135871.0,0.0,0.0,540570.0,34132214.0,66458698.0,121431773.0,13501748.0,16042650.0,587464.0,13945998.0,12853139.0,1718890.0,109580464.0,198399611.0,23249592.0,222093570.0,0.0,0.0,0.0,0.0,0.0,0.0,0.0,0.0
1588357697.463,1.0,1.600,1.540,8.421,2.105,82.105,7.368,0.0,0.0,666025984.0,64937984.0,1280978944.0,85213184.0,0.0,0.0,344064.0,6848512.0,37.0,478.0,2661.0,0.0,0.0,0.0,0.0,0.0,343.0,1083.0,4552.0,1504.0,15592.0,0.0,0.0,0.0,0.0,0.0,158.0,0.0,0.0,840.0,4007.0,0.0,0.0,0.0,6.800,263179.0,6800087.0,3377455.0,11.0,10.0,0.0,1.0,0.0,0.0,0.0,4.0,0.0,10.0,0.0,0.0,0.0,0.0,1477341.0,19607.0,133263304.0,426139819.0,198253952.0,123914721.0,13502058.0,16043202.0,587484.0,0.0,0.0,0.0,0.0,0.0,0.0,950.0,6.0,8302741.0,40033.0,263179.0,6800087.0,57631.0,3377455.0,0.0,13136355.0,0.0,0.0,540570.0,34132214.0,66460966.0,121434950.0,13502058.0,16043202.0,587484.0,13946508.0,12853429.0,1718996.0,109583688.0,198404585.0,23250320.0,222101259.0,0.0,0.0,0.0,0.0,0.0,0.0,0.0,0.0
1588357698.463,1.0,1.600,1.540,6.186,4.124,79.381,9.278,0.0,1.031,666112000.0,64942080.0,1284218880.0,81883136.0,0.0,0.0,450560.0,5795840.0,54.0,356.0,2661.0,0.0,0.0,0.0,0.0,0.0,308.0,990.0,183.0,1504.0,15592.0,0.0,0.0,0.0,0.0,0.0,161.0,0.0,0.0,826.0,3709.0,0.0,0.0,0.0,9.600,263253.0,6800353.0,3377461.0,11.0,10.0,0.0,1.0,0.0,0.0,0.0,4.0,0.0,10.0,0.0,0.0,0.0,0.0,1477383.0,19607.0,133266144.0,426148347.0,198256629.0,123917313.0,13502215.0,16043618.0,587504.0,0.0,0.0,0.0,0.0,0.0,0.0,950.0,6.0,8302741.0,40033.0,263253.0,6800353.0,57631.0,3377461.0,0.0,13136759.0,0.0,0.0,540570.0,34132214.0,66462540.0,121437542.0,13502215.0,16043618.0,587504.0,13946875.0,12853566.0,1719006.0,109585832.0,198407914.0,23251016.0,222106458.0,0.0,0.0,0.0,0.0,0.0,0.0,0.0,0.0
1588357699.463,1.0,1.590,1.540,7.527,2.151,82.796,7.527,0.0,0.0,666025984.0,64942080.0,1286942720.0,79245312.0,0.0,0.0,417792.0,5472256.0,45.0,385.0,2661.0,0.0,0.0,0.0,0.0,0.0,321.0,820.0,173.0,1504.0,15592.0,0.0,0.0,0.0,0.0,0.0,155.0,0.0,0.0,837.0,3937.0,0.0,0.0,0.0,7.200,263318.0,6800615.0,3377465.0,11.0,10.0,0.0,1.0,0.0,0.0,0.0,4.0,0.0,10.0,0.0,0.0,0.0,0.0,1477440.0,19607.0,133269936.0,426159141.0,198259445.0,123920040.0,13502475.0,16044147.0,587524.0,0.0,0.0,0.0,0.0,0.0,0.0,950.0,6.0,8302741.0,40033.0,263318.0,6800615.0,57631.0,3377465.0,0.0,13137184.0,0.0,0.0,540570.0,34132214.0,66464412.0,121440269.0,13502475.0,16044147.0,587524.0,13947339.0,12853806.0,1719090.0,109588776.0,198412322.0,23251864.0,222112844.0,0.0,0.0,0.0,0.0,0.0,0.0,0.0,0.0
1588357700.463,1.0,1.590,1.540,9.474,3.158,80.0,7.368,0.0,0.0,666169344.0,64942080.0,1290604544.0,75440128.0,0.0,0.0,221184.0,6111232.0,25.0,381.0,2661.0,0.0,0.0,0.0,0.0,0.0,496.0,1083.0,163.0,1504.0,15592.0,0.0,0.0,0.0,0.0,0.0,136.0,0.0,0.0,820.0,4113.0,0.0,0.0,0.0,5.600,263381.0,6800850.0,3377472.0,11.0,10.0,0.0,1.0,0.0,0.0,0.0,4.0,0.0,10.0,0.0,0.0,0.0,0.0,1477491.0,19607.0,133273216.0,426171221.0,198262208.0,123922758.0,13502810.0,16044632.0,587534.0,0.0,0.0,0.0,0.0,0.0,0.0,950.0,6.0,8302741.0,40033.0,263381.0,6800850.0,57631.0,3377472.0,0.0,13137594.0,0.0,0.0,540570.0,34132214.0,66466531.0,121442987.0,13502810.0,16044632.0,587534.0,13947794.0,12854131.0,1719281.0,109591256.0,198417168.0,23252664.0,222120078.0,0.0,0.0,0.0,0.0,0.0,0.0,0.0,0.0
1588357701.463,1.0,1.590,1.540,10.638,2.128,76.596,9.574,0.0,1.064,666214400.0,64942080.0,1294495744.0,71503872.0,0.0,0.0,417792.0,7708672.0,42.0,562.0,2661.0,0.0,0.0,0.0,0.0,0.0,532.0,1212.0,260.0,1504.0,15592.0,0.0,0.0,0.0,0.0,0.0,175.0,0.0,0.0,852.0,4712.0,0.0,0.0,0.0,9.200,263450.0,6801263.0,3377478.0,11.0,10.0,0.0,1.0,0.0,0.0,0.0,4.0,0.0,10.0,0.0,0.0,0.0,0.0,1477533.0,19607.0,133276872.0,426182954.0,198265159.0,123925535.0,13503076.0,16045390.0,587574.0,0.0,0.0,0.0,0.0,0.0,0.0,950.0,6.0,8302741.0,40033.0,263450.0,6801263.0,57633.0,3377478.0,0.0,13138114.0,0.0,0.0,540570.0,34132214.0,66468335.0,121445764.0,13503076.0,16045390.0,587574.0,13948424.0,12854357.0,1719643.0,109594096.0,198422249.0,23253480.0,222126730.0,0.0,0.0,0.0,0.0,0.0,0.0,0.0,0.0
1588357702.463,1.0,1.590,1.540,16.667,3.125,72.917,7.292,0.0,0.0,666386432.0,64094208.0,1281404928.0,85270528.0,0.0,0.0,483328.0,6774784.0,45.0,471.0,2661.0,0.0,0.0,0.0,0.0,0.0,626.0,1155.0,4519.0,1504.0,15592.0,0.0,0.0,0.0,0.0,0.0,161.0,0.0,0.0,842.0,4465.0,2.0,0.0,0.0,8.800,263521.0,6801582.0,3377487.0,11.0,10.0,0.0,1.0,0.0,0.0,0.0,4.0,0.0,10.0,0.0,0.0,0.0,0.0,1477590.0,19607.0,133282392.0,426199124.0,198269947.0,123930083.0,13503375.0,16046357.0,587624.0,0.0,0.0,0.0,0.0,0.0,0.0,950.0,6.0,8302741.0,40033.0,263521.0,6801582.0,57634.0,3377487.0,0.0,13138781.0,0.0,0.0,540570.0,34132214.0,66471005.0,121450312.0,13503375.0,16046357.0,587624.0,13949207.0,12854606.0,1719911.0,109598704.0,198428927.0,23254392.0,222136222.0,0.0,0.0,0.0,0.0,0.0,0.0,0.0,0.0
1588357703.463,1.0,1.590,1.540,98.0,2.0,0.0,0.0,0.0,0.0,698720256.0,62291968.0,1248137216.0,88006656.0,0.0,0.0,401408.0,4587520.0,35.0,314.0,2661.0,0.0,0.0,0.0,0.0,0.0,10719.0,11254.0,11996.0,1504.0,15592.0,0.0,0.0,0.0,0.0,0.0,153.0,0.0,0.0,871.0,4154.0,1.0,0.0,0.0,7.200,263573.0,6801744.0,3377490.0,11.0,10.0,0.0,1.0,0.0,0.0,0.0,4.0,0.0,10.0,0.0,0.0,0.0,0.0,1477641.0,19607.0,133285280.0,426210323.0,198272373.0,123932368.0,13503673.0,16047052.0,587654.0,0.0,0.0,0.0,0.0,0.0,0.0,950.0,6.0,8302741.0,40033.0,263573.0,6801744.0,57634.0,3377490.0,0.0,13139107.0,0.0,0.0,540570.0,34132214.0,66472701.0,121452597.0,13503673.0,16047052.0,587654.0,13949798.0,12854874.0,1720247.0,109600880.0,198433910.0,23255104.0,222142438.0,0.0,0.0,0.0,0.0,0.0,0.0,0.0,0.0
1588357704.462,0.920,1.560,1.530,10.753,3.226,76.344,9.677,0.0,0.0,684544000.0,62291968.0,1251328000.0,98992128.0,0.0,0.0,581632.0,6021120.0,62.0,443.0,2661.0,0.0,0.0,0.0,0.0,0.0,268.0,1009.0,3613.0,1504.0,15592.0,0.0,0.0,0.0,0.0,0.0,170.0,0.0,0.0,855.0,4103.0,0.0,0.0,0.0,11.600,263632.0,6802089.0,3377496.0,11.0,10.0,0.0,1.0,0.0,0.0,0.0,4.0,0.0,10.0,0.0,0.0,0.0,0.0,1477683.0,19607.0,133288712.0,426220196.0,198275064.0,123934933.0,13503882.0,16047619.0,587684.0,0.0,0.0,0.0,0.0,0.0,0.0,950.0,6.0,8302741.0,40033.0,263632.0,6802089.0,57636.0,3377496.0,0.0,13139611.0,0.0,0.0,540570.0,34132214.0,66474352.0,121455162.0,13503882.0,16047619.0,587684.0,13950272.0,12855053.0,1720398.0,109603784.0,198437984.0,23255632.0,222148237.0,0.0,0.0,0.0,0.0,0.0,0.0,0.0,0.0
1588357705.463,0.920,1.560,1.530,7.527,2.151,81.720,7.527,0.0,1.075,684437504.0,62291968.0,1254612992.0,95813632.0,0.0,0.0,573440.0,5857280.0,55.0,426.0,2661.0,0.0,0.0,0.0,0.0,0.0,363.0,979.0,197.0,1504.0,15592.0,0.0,0.0,0.0,0.0,0.0,167.0,0.0,0.0,847.0,4258.0,0.0,0.0,0.0,7.600,263661.0,6802413.0,3377503.0,11.0,10.0,0.0,1.0,0.0,0.0,0.0,4.0,0.0,10.0,0.0,0.0,0.0,0.0,1477739.0,19608.0,133292976.0,426233201.0,198278198.0,123937961.0,13504219.0,16048245.0,587704.0,0.0,0.0,0.0,0.0,0.0,0.0,950.0,6.0,8302741.0,40033.0,263661.0,6802413.0,57637.0,3377503.0,0.0,13140106.0,0.0,0.0,540570.0,34132214.0,66476540.0,121458190.0,13504219.0,16048245.0,587704.0,13950814.0,12855368.0,1720515.0,109607128.0,198443338.0,23256552.0,222155888.0,0.0,0.0,0.0,0.0,0.0,0.0,0.0,0.0
1588357706.463,0.920,1.560,1.530,9.278,3.093,80.412,7.216,0.0,0.0,684376064.0,62291968.0,1257275392.0,93212672.0,356.0,157.0,352256.0,5554176.0,34.0,445.0,2661.0,0.0,0.0,0.0,0.0,0.0,409.0,868.0,231.0,1504.0,15592.0,0.0,0.0,0.0,0.0,0.0,155.0,5.0,0.0,839.0,4171.0,0.0,0.0,0.0,6.800,263692.0,6802721.0,3377507.0,11.0,10.0,0.0,1.0,0.0,0.0,0.0,4.0,0.0,10.0,0.0,0.0,0.0,0.0,1477790.0,19608.0,133296304.0,426245927.0,198281244.0,123940957.0,13504556.0,16048848.0,587724.0,0.0,0.0,0.0,0.0,0.0,0.0,950.0,6.0,8302741.0,40033.0,263692.0,6802721.0,57637.0,3377507.0,0.0,13140491.0,0.0,0.0,540570.0,34132214.0,66478742.0,121461186.0,13504556.0,16048848.0,587724.0,13951388.0,12855685.0,1720784.0,109609600.0,198448526.0,23257408.0,222163426.0,0.0,0.0,0.0,0.0,0.0,0.0,0.0,0.0
1588357707.463,0.920,1.560,1.530,4.211,3.158,82.105,9.474,0.0,1.053,684486656.0,62291968.0,1259229184.0,91148288.0,0.0,0.0,360448.0,3325952.0,38.0,249.0,2661.0,0.0,0.0,0.0,0.0,0.0,333.0,635.0,124.0,1504.0,15592.0,0.0,0.0,0.0,0.0,0.0,139.0,0.0,0.0,814.0,3747.0,0.0,0.0,0.0,9.200,263719.0,6802870.0,3377510.0,11.0,10.0,0.0,1.0,0.0,0.0,0.0,4.0,0.0,10.0,0.0,0.0,0.0,0.0,1477832.0,19608.0,133298760.0,426253387.0,198282856.0,123942569.0,13504785.0,16049102.0,587724.0,0.0,0.0,0.0,0.0,0.0,0.0,950.0,6.0,8302741.0,40033.0,263719.0,6802870.0,57637.0,3377510.0,0.0,13140835.0,0.0,0.0,540570.0,34132214.0,66480101.0,121462798.0,13504785.0,16049102.0,587724.0,13951642.0,12855914.0,1720907.0,109611488.0,198451466.0,23257976.0,222167946.0,0.0,0.0,0.0,0.0,0.0,0.0,0.0,0.0
1588357708.463,0.920,1.560,1.530,7.368,4.211,77.895,10.526,0.0,0.0,684470272.0,62296064.0,1262796800.0,87592960.0,0.0,0.0,712704.0,7168000.0,74.0,576.0,2661.0,0.0,0.0,0.0,0.0,0.0,450.0,1145.0,274.0,1504.0,15592.0,0.0,0.0,0.0,0.0,0.0,200.0,0.0,0.0,883.0,4171.0,0.0,0.0,0.0,11.600,263754.0,6803300.0,3377516.0,11.0,10.0,0.0,1.0,0.0,0.0,0.0,4.0,0.0,10.0,0.0,0.0,0.0,0.0,1477889.0,19608.0,133302920.0,426266232.0,198285965.0,123945576.0,13505122.0,16049703.0,587744.0,0.0,0.0,0.0,0.0,0.0,0.0,950.0,6.0,8302741.0,40033.0,263754.0,6803300.0,57640.0,3377516.0,0.0,13141334.0,0.0,0.0,540570.0,34132214.0,66482269.0,121465805.0,13505122.0,16049703.0,587744.0,13952178.0,12856231.0,1721048.0,109614744.0,198456717.0,23258880.0,222175540.0,0.0,0.0,0.0,0.0,0.0,0.0,0.0,0.0
1588357709.463,0.850,1.530,1.520,9.677,1.075,81.720,7.527,0.0,0.0,674070528.0,62296064.0,1265807360.0,94982144.0,0.0,0.0,409600.0,5251072.0,41.0,378.0,2661.0,0.0,0.0,0.0,0.0,0.0,424.0,944.0,2774.0,1504.0,15592.0,0.0,0.0,0.0,0.0,0.0,149.0,0.0,0.0,831.0,4179.0,0.0,0.0,0.0,7.600,263778.0,6803522.0,3377523.0,11.0,10.0,0.0,1.0,0.0,0.0,0.0,4.0,0.0,10.0,0.0,0.0,0.0,0.0,1477939.0,19609.0,133306792.0,426277150.0,198288832.0,123948394.0,13505389.0,16050112.0,587754.0,0.0,0.0,0.0,0.0,0.0,0.0,950.0,6.0,8302741.0,40033.0,263778.0,6803522.0,57641.0,3377523.0,0.0,13141846.0,0.0,0.0,540570.0,34132214.0,66484288.0,121468623.0,13505389.0,16050112.0,587754.0,13952551.0,12856486.0,1721026.0,109617856.0,198460891.0,23259640.0,222182284.0,0.0,0.0,0.0,0.0,0.0,0.0,0.0,0.0
1588357710.462,0.850,1.530,1.520,8.333,3.125,80.208,8.333,0.0,0.0,674066432.0,62296064.0,1268887552.0,91906048.0,0.0,0.0,688128.0,4521984.0,65.0,314.0,2661.0,0.0,0.0,0.0,0.0,0.0,284.0,892.0,134.0,1504.0,15592.0,0.0,0.0,0.0,0.0,0.0,170.0,0.0,0.0,864.0,4159.0,0.0,0.0,0.0,7.600,263807.0,6803753.0,3377531.0,11.0,10.0,0.0,1.0,0.0,0.0,0.0,4.0,0.0,10.0,0.0,0.0,0.0,0.0,1477981.0,19609.0,133309384.0,426286958.0,198290872.0,123950365.0,13505677.0,16050651.0,587774.0,0.0,0.0,0.0,0.0,0.0,0.0,950.0,6.0,8302741.0,40033.0,263807.0,6803753.0,57641.0,3377531.0,0.0,13142220.0,0.0,0.0,540570.0,34132214.0,66485827.0,121470594.0,13505677.0,16050651.0,587774.0,13953045.0,12856754.0,1721313.0,109619800.0,198465139.0,23260288.0,222187844.0,0.0,0.0,0.0,0.0,0.0,0.0,0.0,0.0
1588357711.463,0.850,1.530,1.520,6.316,2.105,83.158,7.368,0.0,1.053,674103296.0,62296064.0,1271541760.0,89214976.0,42.0,54.0,507904.0,5373952.0,49.0,449.0,2661.0,0.0,0.0,0.0,0.0,0.0,237.0,826.0,167.0,1504.0,15592.0,0.0,0.0,0.0,0.0,0.0,169.0,1.0,0.0,866.0,3877.0,0.0,0.0,0.0,9.200,263834.0,6804033.0,3377540.0,11.0,10.0,0.0,1.0,0.0,0.0,0.0,4.0,0.0,10.0,0.0,0.0,0.0,0.0,1478038.0,19609.0,133313680.0,426300636.0,198294709.0,123954150.0,13505991.0,16051110.0,587784.0,0.0,0.0,0.0,0.0,0.0,0.0,950.0,6.0,8302741.0,40033.0,263834.0,6804033.0,57641.0,3377540.0,0.0,13142675.0,0.0,0.0,540570.0,34132214.0,66488422.0,121474379.0,13505991.0,16051110.0,587784.0,13953472.0,12857058.0,1721046.0,109623176.0,198470243.0,23261208.0,222196418.0,0.0,0.0,0.0,0.0,0.0,0.0,0.0,0.0
1588357712.463,0.850,1.530,1.520,8.602,2.151,82.796,6.452,0.0,0.0,674086912.0,62296064.0,1274224640.0,86548480.0,0.0,0.0,393216.0,5685248.0,37.0,473.0,2661.0,0.0,0.0,0.0,0.0,0.0,437.0,923.0,276.0,1504.0,15592.0,0.0,0.0,0.0,0.0,0.0,148.0,0.0,0.0,831.0,4040.0,0.0,0.0,0.0,6.400,263861.0,6804478.0,3377545.0,11.0,10.0,0.0,1.0,0.0,0.0,0.0,4.0,0.0,10.0,0.0,0.0,0.0,0.0,1478089.0,19609.0,133318144.0,426313423.0,198298337.0,123957711.0,13506272.0,16051654.0,587804.0,0.0,0.0,0.0,0.0,0.0,0.0,950.0,6.0,8302741.0,40033.0,263861.0,6804478.0,57645.0,3377545.0,0.0,13143247.0,0.0,0.0,540570.0,34132214.0,66490785.0,121477940.0,13506272.0,16051654.0,587804.0,13953969.0,12857319.0,1720956.0,109626864.0,198475119.0,23261984.0,222204329.0,0.0,0.0,0.0,0.0,0.0,0.0,0.0,0.0
1588357713.462,0.850,1.530,1.520,6.452,2.151,83.871,7.527,0.0,0.0,674021376.0,62296064.0,1276796928.0,84041728.0,118.0,42.0,376832.0,5070848.0,41.0,398.0,2661.0,0.0,0.0,0.0,0.0,0.0,337.0,812.0,188.0,1504.0,15592.0,0.0,0.0,0.0,0.0,0.0,168.0,2.0,0.0,853.0,4157.0,0.0,0.0,0.0,6.800,263878.0,6804735.0,3377553.0,11.0,10.0,0.0,1.0,0.0,0.0,0.0,4.0,0.0,10.0,0.0,0.0,0.0,0.0,1478131.0,19609.0,133320648.0,426321678.0,198300157.0,123959485.0,13506505.0,16052014.0,587814.0,0.0,0.0,0.0,0.0,0.0,0.0,950.0,6.0,8302741.0,40033.0,263878.0,6804735.0,57645.0,3377553.0,0.0,13143589.0,0.0,0.0,540570.0,34132214.0,66492196.0,121479714.0,13506505.0,16052014.0,587814.0,13954296.0,12857542.0,1721029.0,109628760.0,198478511.0,23262592.0,222209192.0,0.0,0.0,0.0,0.0,0.0,0.0,0.0,0.0
1588357714.463,0.860,1.520,1.520,6.452,3.226,83.871,6.452,0.0,0.0,673964032.0,62296064.0,1279074304.0,81821696.0,0.0,0.0,385024.0,4071424.0,40.0,314.0,2661.0,0.0,0.0,0.0,0.0,0.0,218.0,677.0,135.0,1504.0,15592.0,0.0,0.0,0.0,0.0,0.0,154.0,0.0,0.0,853.0,4087.0,0.0,0.0,0.0,8.400,263906.0,6804870.0,3377556.0,11.0,10.0,0.0,1.0,0.0,0.0,0.0,4.0,0.0,10.0,0.0,0.0,0.0,0.0,1478188.0,19609.0,133323520.0,426332651.0,198302553.0,123961736.0,13506794.0,16052710.0,587844.0,0.0,0.0,0.0,0.0,0.0,0.0,950.0,6.0,8302741.0,40033.0,263906.0,6804870.0,57645.0,3377556.0,0.0,13143908.0,0.0,0.0,540570.0,34132214.0,66493852.0,121481965.0,13506794.0,16052710.0,587844.0,13954879.0,12857801.0,1721374.0,109630744.0,198483450.0,23263480.0,222215226.0,0.0,0.0,0.0,0.0,0.0,0.0,0.0,0.0
1588357715.463,0.860,1.520,1.520,10.204,3.061,77.551,9.184,0.0,0.0,674148352.0,62296064.0,1282162688.0,78548992.0,0.0,0.0,729088.0,3989504.0,69.0,257.0,2661.0,0.0,0.0,0.0,0.0,0.0,341.0,900.0,124.0,1504.0,15592.0,0.0,0.0,0.0,0.0,0.0,166.0,0.0,0.0,859.0,4301.0,0.0,0.0,0.0,7.200,263933.0,6805035.0,3377565.0,11.0,10.0,0.0,1.0,0.0,0.0,0.0,4.0,0.0,10.0,0.0,0.0,0.0,0.0,1478239.0,19609.0,133326688.0,426345238.0,198305357.0,123964497.0,13507150.0,16053196.0,587854.0,0.0,0.0,0.0,0.0,0.0,0.0,950.0,6.0,8302741.0,40033.0,263933.0,6805035.0,57645.0,3377565.0,0.0,13144312.0,0.0,0.0,540570.0,34132214.0,66496024.0,121484726.0,13507150.0,16053196.0,587854.0,13955333.0,12858147.0,1721579.0,109633160.0,198488509.0,23264232.0,222222754.0,0.0,0.0,0.0,0.0,0.0,0.0,0.0,0.0
1588357716.463,0.860,1.520,1.520,16.495,3.093,73.196,6.186,0.0,1.031,674107392.0,62296064.0,1284489216.0,76263424.0,0.0,0.0,466944.0,4325376.0,51.0,358.0,2661.0,0.0,0.0,0.0,0.0,0.0,294.0,722.0,142.0,1504.0,15592.0,0.0,0.0,0.0,0.0,0.0,160.0,0.0,0.0,845.0,3936.0,0.0,0.0,0.0,5.200,263949.0,6805271.0,3377566.0,11.0,10.0,0.0,1.0,0.0,0.0,0.0,4.0,0.0,10.0,0.0,0.0,0.0,0.0,1478281.0,19609.0,133328968.0,426353396.0,198307219.0,123966321.0,13507377.0,16053558.0,587864.0,0.0,0.0,0.0,0.0,0.0,0.0,950.0,6.0,8302741.0,40033.0,263949.0,6805271.0,57645.0,3377566.0,0.0,13144640.0,0.0,0.0,540570.0,34132214.0,66497429.0,121486550.0,13507377.0,16053558.0,587864.0,13955668.0,12858364.0,1721732.0,109634896.0,198491879.0,23264776.0,222227542.0,0.0,0.0,0.0,0.0,0.0,0.0,0.0,0.0
1588357717.462,0.860,1.520,1.520,7.447,3.191,81.915,7.447,0.0,0.0,674123776.0,62296064.0,1286946816.0,73789440.0,0.0,0.0,417792.0,5283840.0,44.0,450.0,2661.0,0.0,0.0,0.0,0.0,0.0,313.0,791.0,205.0,1504.0,15592.0,0.0,0.0,0.0,0.0,0.0,170.0,0.0,0.0,855.0,4190.0,0.0,0.0,0.0,8.400,263972.0,6805608.0,3377573.0,11.0,10.0,0.0,1.0,0.0,0.0,0.0,4.0,0.0,10.0,0.0,0.0,0.0,0.0,1478338.0,19609.0,133332720.0,426366369.0,198310286.0,123969293.0,13507714.0,16054173.0,587884.0,0.0,0.0,0.0,0.0,0.0,0.0,950.0,6.0,8302741.0,40033.0,263972.0,6805608.0,57647.0,3377573.0,0.0,13145074.0,0.0,0.0,540570.0,34132214.0,66499627.0,121489522.0,13507714.0,16054173.0,587884.0,13956209.0,12858681.0,1721957.0,109637752.0,198497233.0,23265672.0,222235161.0,0.0,0.0,0.0,0.0,0.0,0.0,0.0,0.0
1588357718.463,0.860,1.520,1.520,9.474,3.158,80.0,7.368,0.0,0.0,673976320.0,62300160.0,1289977856.0,70901760.0,0.0,0.0,450560.0,4182016.0,52.0,252.0,2661.0,0.0,0.0,0.0,0.0,0.0,147.0,873.0,149.0,1504.0,15592.0,0.0,0.0,0.0,0.0,0.0,155.0,0.0,0.0,846.0,4147.0,0.0,0.0,0.0,5.600,263994.0,6805755.0,3377585.0,11.0,10.0,0.0,1.0,0.0,0.0,0.0,4.0,0.0,10.0,0.0,0.0,0.0,0.0,1478389.0,19609.0,133335936.0,426376619.0,198312519.0,123971496.0,13508019.0,16054618.0,587894.0,0.0,0.0,0.0,0.0,0.0,0.0,950.0,6.0,8302741.0,40033.0,263994.0,6805755.0,57647.0,3377585.0,0.0,13145503.0,0.0,0.0,540570.0,34132214.0,66501378.0,121491725.0,13508019.0,16054618.0,587894.0,13956634.0,12858976.0,1721971.0,109640136.0,198501436.0,23266504.0,222241208.0,0.0,0.0,0.0,0.0,0.0,0.0,0.0,0.0
1588357719.463,0.790,1.500,1.510,7.368,3.158,80.0,8.421,0.0,1.053,674017280.0,61444096.0,1275944960.0,85749760.0,0.0,0.0,614400.0,5570560.0,65.0,443.0,2661.0,0.0,0.0,0.0,0.0,0.0,330.0,950.0,4567.0,1504.0,15592.0,0.0,0.0,0.0,0.0,0.0,175.0,0.0,0.0,845.0,4229.0,0.0,0.0,0.0,10.400,264022.0,6806063.0,3377594.0,11.0,10.0,0.0,1.0,0.0,0.0,0.0,4.0,0.0,10.0,0.0,0.0,0.0,0.0,1478430.0,19610.0,133338896.0,426387055.0,198314911.0,123973811.0,13508297.0,16055135.0,587914.0,0.0,0.0,0.0,0.0,0.0,0.0,950.0,6.0,8302741.0,40033.0,264022.0,6806063.0,57648.0,3377594.0,0.0,13145955.0,0.0,0.0,540570.0,34132214.0,66503100.0,121494040.0,13508297.0,16055135.0,587914.0,13957095.0,12859232.0,1722037.0,109642320.0,198505769.0,23267280.0,222247311.0,0.0,0.0,0.0,0.0,0.0,0.0,0.0,0.0
1588357720.463,0.790,1.500,1.510,8.602,5.376,78.495,7.527,0.0,0.0,647299072.0,61444096.0,1278873600.0,109539328.0,0.0,0.0,561152.0,4743168.0,57.0,349.0,2661.0,0.0,0.0,0.0,0.0,0.0,513.0,1039.0,7010.0,1216.0,15325.0,0.0,0.0,0.0,0.0,0.0,164.0,0.0,0.0,863.0,4320.0,10.0,0.0,1.0,8.800,264044.0,6806333.0,3377602.0,1.0,0.0,0.0,1.0,0.0,0.0,0.0,4.0,0.0,0.0,0.0,0.0,0.0,0.0,1478492.0,19611.0,133344320.0,426404459.0,198319492.0,123978243.0,13508702.0,16055938.0,587944.0,0.0,0.0,0.0,0.0,0.0,0.0,950.0,6.0,8302741.0,40033.0,264044.0,6806333.0,57648.0,3377602.0,0.0,13146491.0,0.0,0.0,540570.0,34132214.0,66506096.0,121498472.0,13508702.0,16055938.0,587944.0,13957787.0,12859605.0,1722094.0,109646528.0,198512715.0,23268496.0,222257769.0,0.0,0.0,0.0,0.0,0.0,10.100,35913728.0,145178624.0
